date,type,value
1978-02-01,emp,5985659.7158
1978-02-01,uemp,482816.81320000003
1978-02-01,lf,6468476.528999999
1978-02-01,nilf,4020853.4365
1978-02-01,pop_15yr_over,10489329.965499999
1978-03-01,emp,6040560.795
1978-03-01,uemp,424849.9786
1978-03-01,lf,6465410.774
1978-03-01,nilf,4043230.138
1978-03-01,pop_15yr_over,10508640.91
1978-04-01,emp,6054213.8586
1978-04-01,uemp,403376.7611
1978-04-01,lf,6457590.619700001
1978-04-01,nilf,4061075.5873
1978-04-01,pop_15yr_over,10518666.207
1978-05-01,emp,6038264.7505
1978-05-01,uemp,398408.0771
1978-05-01,lf,6436672.8276
1978-05-01,nilf,4093997.8713
1978-05-01,pop_15yr_over,10530670.6989
1978-06-01,emp,6031342.2994
1978-06-01,uemp,393490.32749999996
1978-06-01,lf,6424832.6269
1978-06-01,nilf,4118541.3943000003
1978-06-01,pop_15yr_over,10543374.0212
1978-07-01,emp,6036083.9262999995
1978-07-01,uemp,380531.7353
1978-07-01,lf,6416615.6616
1978-07-01,nilf,4138738.2430999996
1978-07-01,pop_15yr_over,10555353.9047
1978-08-01,emp,6005361.4529
1978-08-01,uemp,398290.01369999995
1978-08-01,lf,6403651.4666
1978-08-01,nilf,4166814.4879
1978-08-01,pop_15yr_over,10570465.954499999
1978-09-01,emp,6024313.4515
1978-09-01,uemp,387326.7831
1978-09-01,lf,6411640.2346
1978-09-01,nilf,4175258.9569
1978-09-01,pop_15yr_over,10586899.1915
1978-10-01,emp,6045855.1024
1978-10-01,uemp,370371.6232
1978-10-01,lf,6416226.7256
1978-10-01,nilf,4182064.2918000002
1978-10-01,pop_15yr_over,10598291.0174
1978-11-01,emp,6033797.4421999995
1978-11-01,uemp,372782.2643
1978-11-01,lf,6406579.706499999
1978-11-01,nilf,4206348.445499999
1978-11-01,pop_15yr_over,10612928.152
1978-12-01,emp,6125360.4376
1978-12-01,uemp,444614.0912
1978-12-01,lf,6569974.5288
1978-12-01,nilf,4059064.3212
1978-12-01,pop_15yr_over,10629038.850000001
1979-01-01,emp,5971328.8253
1979-01-01,uemp,449903.04880000005
1979-01-01,lf,6421231.8741
1979-01-01,nilf,4222541.2828
1979-01-01,pop_15yr_over,10643773.1569
1979-02-01,emp,6050693.4726
1979-02-01,uemp,458085.0562
1979-02-01,lf,6508778.5287999995
1979-02-01,nilf,4151929.2822999996
1979-02-01,pop_15yr_over,10660707.811099999
1979-03-01,emp,6096175.215299999
1979-03-01,uemp,428382.213
1979-03-01,lf,6524557.4283
1979-03-01,nilf,4155305.5274
1979-03-01,pop_15yr_over,10679862.9557
1979-04-01,emp,6087653.7083
1979-04-01,uemp,420570.60130000004
1979-04-01,lf,6508224.3096
1979-04-01,nilf,4183841.6794000003
1979-04-01,pop_15yr_over,10692065.989
1979-05-01,emp,6075610.9053
1979-05-01,uemp,400063.2778
1979-05-01,lf,6475674.1831
1979-05-01,nilf,4230778.8536
1979-05-01,pop_15yr_over,10706453.036700001
1979-06-01,emp,6095734.0512
1979-06-01,uemp,393011.41439999995
1979-06-01,lf,6488745.4656
1979-06-01,nilf,4235610.6635
1979-06-01,pop_15yr_over,10724356.1291
1979-07-01,emp,6103921.742000001
1979-07-01,uemp,387097.92
1979-07-01,lf,6491019.662
1979-07-01,nilf,4245372.1885
1979-07-01,pop_15yr_over,10736391.8505
1979-08-01,emp,6078521.5923
1979-08-01,uemp,377496.8015
1979-08-01,lf,6456018.3938
1979-08-01,nilf,4294640.508
1979-08-01,pop_15yr_over,10750658.9018
1979-09-01,emp,6157789.1488
1979-09-01,uemp,400431.2018
1979-09-01,lf,6558220.3506
1979-09-01,nilf,4208697.5616999995
1979-09-01,pop_15yr_over,10766917.9123
1979-10-01,emp,6164048.3187
1979-10-01,uemp,391380.2576
1979-10-01,lf,6555428.5763
1979-10-01,nilf,4225767.4423
1979-10-01,pop_15yr_over,10781196.0186
1979-11-01,emp,6188840.648399999
1979-11-01,uemp,363551.8534
1979-11-01,lf,6552392.5018
1979-11-01,nilf,4245185.3349
1979-11-01,pop_15yr_over,10797577.8367
1979-12-01,emp,6257165.2478
1979-12-01,uemp,430959.9511
1979-12-01,lf,6688125.1989
1979-12-01,nilf,4128015.0247
1979-12-01,pop_15yr_over,10816140.2236
1980-01-01,emp,6112916.7413
1980-01-01,uemp,441665.17720000003
1980-01-01,lf,6554581.9185
1980-01-01,nilf,4274473.0938
1980-01-01,pop_15yr_over,10829055.0123
1980-02-01,emp,6207232.890500001
1980-02-01,uemp,448537.0636
1980-02-01,lf,6655769.9541
1980-02-01,nilf,4188376.9211
1980-02-01,pop_15yr_over,10844146.8752
1980-03-01,emp,6278650.1162
1980-03-01,uemp,415642.1973
1980-03-01,lf,6694292.3135
1980-03-01,nilf,4166730.7379000005
1980-03-01,pop_15yr_over,10861023.0514
1980-04-01,emp,6224863.8647
1980-04-01,uemp,407979.5099
1980-04-01,lf,6632843.3746
1980-04-01,nilf,4242798.4501
1980-04-01,pop_15yr_over,10875641.8247
1980-05-01,emp,6273448.1769
1980-05-01,uemp,416578.6483
1980-05-01,lf,6690026.8252
1980-05-01,nilf,4201998.207599999
1980-05-01,pop_15yr_over,10892025.0328
1980-06-01,emp,6269905.094699999
1980-06-01,uemp,409339.7881
1980-06-01,lf,6679244.8828
1980-06-01,nilf,4230459.1497
1980-06-01,pop_15yr_over,10909704.0325
1980-07-01,emp,6314070.9704
1980-07-01,uemp,387648.4634
1980-07-01,lf,6701719.4338
1980-07-01,nilf,4222383.4282
1980-07-01,pop_15yr_over,10924102.862
1980-08-01,emp,6281350.6348
1980-08-01,uemp,394510.5467
1980-08-01,lf,6675861.1815
1980-08-01,nilf,4264871.7181
1980-08-01,pop_15yr_over,10940732.8996
1980-09-01,emp,6360031.3794
1980-09-01,uemp,407570.4583
1980-09-01,lf,6767601.8377
1980-09-01,nilf,4192029.3353
1980-09-01,pop_15yr_over,10959631.173
1980-10-01,emp,6320229.556
1980-10-01,uemp,378502.6623
1980-10-01,lf,6698732.2183
1980-10-01,nilf,4278458.702
1980-10-01,pop_15yr_over,10977190.9203
1980-11-01,emp,6341950.7671
1980-11-01,uemp,359639.75090000004
1980-11-01,lf,6701590.518
1980-11-01,nilf,4295430.5253
1980-11-01,pop_15yr_over,10997021.0433
1980-12-01,emp,6426590.550799999
1980-12-01,uemp,435712.7091
1980-12-01,lf,6862303.2599
1980-12-01,nilf,4156781.755
1980-12-01,pop_15yr_over,11019085.014899999
1981-01-01,emp,6252956.7582
1981-01-01,uemp,433845.4117
1981-01-01,lf,6686802.1699
1981-01-01,nilf,4350100.7757
1981-01-01,pop_15yr_over,11036902.945600001
1981-02-01,emp,6356507.8944999995
1981-02-01,uemp,427657.3366
1981-02-01,lf,6784165.2310999995
1981-02-01,nilf,4272808.7507
1981-02-01,pop_15yr_over,11056973.9818
1981-03-01,emp,6428069.8898
1981-03-01,uemp,413346.5417
1981-03-01,lf,6841416.4315
1981-03-01,nilf,4237894.7977
1981-03-01,pop_15yr_over,11079311.2292
1981-04-01,emp,6426349.364800001
1981-04-01,uemp,379485.40780000004
1981-04-01,lf,6805834.7726
1981-04-01,nilf,4287774.2662
1981-04-01,pop_15yr_over,11093609.0388
1981-05-01,emp,6412350.7268
1981-05-01,uemp,379296.5304
1981-05-01,lf,6791647.2572
1981-05-01,nilf,4318536.7975
1981-05-01,pop_15yr_over,11110184.054699998
1981-06-01,emp,6413944.8045
1981-06-01,uemp,353673.309
1981-06-01,lf,6767618.1135
1981-06-01,nilf,4360338.986099999
1981-06-01,pop_15yr_over,11127957.0996
1981-07-01,emp,6425321.6636
1981-07-01,uemp,378235.7853
1981-07-01,lf,6803557.4489
1981-07-01,nilf,4343154.5537
1981-07-01,pop_15yr_over,11146712.0026
1981-08-01,emp,6393743.6143000005
1981-08-01,uemp,380556.93830000004
1981-08-01,lf,6774300.5526
1981-08-01,nilf,4391178.486
1981-08-01,pop_15yr_over,11165479.0386
1981-09-01,emp,6502697.0811
1981-09-01,uemp,393959.3362
1981-09-01,lf,6896656.4173
1981-09-01,nilf,4287576.7303
1981-09-01,pop_15yr_over,11184233.1476
1981-10-01,emp,6445335.3656
1981-10-01,uemp,373978.9126
1981-10-01,lf,6819314.2782000005
1981-10-01,nilf,4385289.7502
1981-10-01,pop_15yr_over,11204604.028399998
1981-11-01,emp,6433343.3932
1981-11-01,uemp,375018.58770000003
1981-11-01,lf,6808361.9809
1981-11-01,nilf,4416562.9583
1981-11-01,pop_15yr_over,11224924.9392
1981-12-01,emp,6506864.9371
1981-12-01,uemp,437561.48130000004
1981-12-01,lf,6944426.418400001
1981-12-01,nilf,4300847.581
1981-12-01,pop_15yr_over,11245273.999400001
1982-01-01,emp,6355498.6577
1982-01-01,uemp,443861.7791
1982-01-01,lf,6799360.436799999
1982-01-01,nilf,4466656.4432
1982-01-01,pop_15yr_over,11266016.879999999
1982-02-01,emp,6432352.2678
1982-02-01,uemp,488842.7456
1982-02-01,lf,6921195.0134
1982-02-01,nilf,4364943.9834
1982-02-01,pop_15yr_over,11286138.9968
1982-03-01,emp,6497360.9838000005
1982-03-01,uemp,463872.3655
1982-03-01,lf,6961233.3493
1982-03-01,nilf,4345563.679199999
1982-03-01,pop_15yr_over,11306797.0285
1982-04-01,emp,6431562.5043
1982-04-01,uemp,440031.1114
1982-04-01,lf,6871593.6157
1982-04-01,nilf,4454396.3652
1982-04-01,pop_15yr_over,11325989.9809
1982-05-01,emp,6440904.524499999
1982-05-01,uemp,453762.636
1982-05-01,lf,6894667.1605
1982-05-01,nilf,4449797.7762
1982-05-01,pop_15yr_over,11344464.9367
1982-06-01,emp,6414277.5552
1982-06-01,uemp,451628.23909999995
1982-06-01,lf,6865905.7943
1982-06-01,nilf,4497043.0689
1982-06-01,pop_15yr_over,11362948.8632
1982-07-01,emp,6425898.4225
1982-07-01,uemp,453385.81749999995
1982-07-01,lf,6879284.24
1982-07-01,nilf,4501230.8495
1982-07-01,pop_15yr_over,11380515.0895
1982-08-01,emp,6379347.4902
1982-08-01,uemp,461356.81570000004
1982-08-01,lf,6840704.3059
1982-08-01,nilf,4557382.4943
1982-08-01,pop_15yr_over,11398086.8002
1982-09-01,emp,6443517.3213
1982-09-01,uemp,509075.96869999997
1982-09-01,lf,6952593.29
1982-09-01,nilf,4463333.64
1982-09-01,pop_15yr_over,11415926.93
1982-10-01,emp,6421067.6214
1982-10-01,uemp,540624.4616
1982-10-01,lf,6961692.083
1982-10-01,nilf,4468682.021
1982-10-01,pop_15yr_over,11430374.104
1982-11-01,emp,6366813.634000001
1982-11-01,uemp,555183.8611
1982-11-01,lf,6921997.4951
1982-11-01,nilf,4522138.4418
1982-11-01,pop_15yr_over,11444135.936900001
1982-12-01,emp,6370100.2919000005
1982-12-01,uemp,677474.2334
1982-12-01,lf,7047574.5253
1982-12-01,nilf,4411477.3735
1982-12-01,pop_15yr_over,11459051.8988
1983-01-01,emp,6172047.917900001
1983-01-01,uemp,694586.9848999999
1983-01-01,lf,6866634.9028
1983-01-01,nilf,4612287.1173
1983-01-01,pop_15yr_over,11478922.020100001
1983-02-01,emp,6263947.4593
1983-02-01,uemp,750092.3573
1983-02-01,lf,7014039.8166000005
1983-02-01,nilf,4484034.173400001
1983-02-01,pop_15yr_over,11498073.99
1983-03-01,emp,6310302.7344
1983-03-01,uemp,733924.2453000001
1983-03-01,lf,7044226.9797
1983-03-01,nilf,4473609.1515
1983-03-01,pop_15yr_over,11517836.1312
1983-04-01,emp,6254490.4395
1983-04-01,uemp,709250.8309
1983-04-01,lf,6963741.2704
1983-04-01,nilf,4572304.679099999
1983-04-01,pop_15yr_over,11536045.9495
1983-05-01,emp,6272794.2097
1983-05-01,uemp,720540.3641
1983-05-01,lf,6993334.573799999
1983-05-01,nilf,4561076.5279
1983-05-01,pop_15yr_over,11554411.1017
1983-06-01,emp,6266462.055199999
1983-06-01,uemp,693220.7601
1983-06-01,lf,6959682.8153
1983-06-01,nilf,4612938.233
1983-06-01,pop_15yr_over,11572621.0483
1983-07-01,emp,6294960.9843999995
1983-07-01,uemp,687240.6494
1983-07-01,lf,6982201.6338
1983-07-01,nilf,4607171.272100001
1983-07-01,pop_15yr_over,11589372.9059
1983-08-01,emp,6241154.7261
1983-08-01,uemp,686826.3650999999
1983-08-01,lf,6927981.091200001
1983-08-01,nilf,4678245.9419
1983-08-01,pop_15yr_over,11606227.0331
1983-09-01,emp,6358173.992099999
1983-09-01,uemp,720847.0066
1983-09-01,lf,7079020.998699999
1983-09-01,nilf,4544151.8437
1983-09-01,pop_15yr_over,11623172.8424
1983-10-01,emp,6336131.4212
1983-10-01,uemp,653166.7522
1983-10-01,lf,6989298.173400001
1983-10-01,nilf,4648990.7368
1983-10-01,pop_15yr_over,11638288.910200002
1983-11-01,emp,6377522.2003
1983-11-01,uemp,624774.0183
1983-11-01,lf,7002296.2186
1983-11-01,nilf,4650875.6457
1983-11-01,pop_15yr_over,11653171.8643
1983-12-01,emp,6456455.6108
1983-12-01,uemp,689990.5516
1983-12-01,lf,7146446.1624
1983-12-01,nilf,4521661.6592
1983-12-01,pop_15yr_over,11668107.821600001
1984-01-01,emp,6251444.2636
1984-01-01,uemp,717806.2897
1984-01-01,lf,6969250.553300001
1984-01-01,nilf,4719389.6161
1984-01-01,pop_15yr_over,11688640.1694
1984-02-01,emp,6365363.6107
1984-02-01,uemp,736489.3878
1984-02-01,lf,7101852.9985
1984-02-01,nilf,4604086.9863
1984-02-01,pop_15yr_over,11705939.9848
1984-03-01,emp,6503228.5012
1984-03-01,uemp,699943.4079999999
1984-03-01,lf,7203171.909200001
1984-03-01,nilf,4520103.896
1984-03-01,pop_15yr_over,11723275.805200001
1984-04-01,emp,6477580.915800001
1984-04-01,uemp,675642.0894
1984-04-01,lf,7153223.0052000005
1984-04-01,nilf,4587136.2218
1984-04-01,pop_15yr_over,11740359.227
1984-05-01,emp,6489658.756
1984-05-01,uemp,635581.0604
1984-05-01,lf,7125239.8164
1984-05-01,nilf,4632238.1254
1984-05-01,pop_15yr_over,11757477.9418
1984-06-01,emp,6499023.601199999
1984-06-01,uemp,632454.1057
1984-06-01,lf,7131477.706900001
1984-06-01,nilf,4643148.1479
1984-06-01,pop_15yr_over,11774625.8548
1984-07-01,emp,6528696.8289
1984-07-01,uemp,594949.4850999999
1984-07-01,lf,7123646.313999999
1984-07-01,nilf,4668080.5906
1984-07-01,pop_15yr_over,11791726.9046
1984-08-01,emp,6466115.8231999995
1984-08-01,uemp,604011.6073
1984-08-01,lf,7070127.4305
1984-08-01,nilf,4738718.7481
1984-08-01,pop_15yr_over,11808846.1786
1984-09-01,emp,6579839.5541
1984-09-01,uemp,620770.8504
1984-09-01,lf,7200610.4045
1984-09-01,nilf,4625374.4632
1984-09-01,pop_15yr_over,11825984.867700001
1984-10-01,emp,6553187.0257
1984-10-01,uemp,578355.3454
1984-10-01,lf,7131542.3711
1984-10-01,nilf,4712735.7576
1984-10-01,pop_15yr_over,11844278.1287
1984-11-01,emp,6576061.818299999
1984-11-01,uemp,571179.4489
1984-11-01,lf,7147241.2672
1984-11-01,nilf,4715308.9145
1984-11-01,pop_15yr_over,11862550.1817
1984-12-01,emp,6636040.2174
1984-12-01,uemp,627392.2049
1984-12-01,lf,7263432.422300001
1984-12-01,nilf,4617562.1453
1984-12-01,pop_15yr_over,11880994.5676
1985-01-01,emp,6452361.507499999
1985-01-01,uemp,657733.7442000001
1985-01-01,lf,7110095.2517
1985-01-01,nilf,4790737.9559
1985-01-01,pop_15yr_over,11900833.207600001
1985-02-01,emp,6595664.192500001
1985-02-01,uemp,674141.4589
1985-02-01,lf,7269805.6514
1985-02-01,nilf,4650844.0407
1985-02-01,pop_15yr_over,11920649.6921
1985-03-01,emp,6657440.697699999
1985-03-01,uemp,672760.485
1985-03-01,lf,7330201.1827
1985-03-01,nilf,4610465.8739
1985-03-01,pop_15yr_over,11940667.056599999
1985-04-01,emp,6588826.7822
1985-04-01,uemp,615298.4664
1985-04-01,lf,7204125.2486000005
1985-04-01,nilf,4754005.7962
1985-04-01,pop_15yr_over,11958131.0448
1985-05-01,emp,6657932.7706
1985-05-01,uemp,609101.0240000001
1985-05-01,lf,7267033.7946
1985-05-01,nilf,4708516.5323
1985-05-01,pop_15yr_over,11975550.3269
1985-06-01,emp,6659362.512800001
1985-06-01,uemp,607593.455
1985-06-01,lf,7266955.9678
1985-06-01,nilf,4726186.2277
1985-06-01,pop_15yr_over,11993142.195500001
1985-07-01,emp,6703429.276
1985-07-01,uemp,566862.7267
1985-07-01,lf,7270292.0027
1985-07-01,nilf,4741967.2865
1985-07-01,pop_15yr_over,12012259.289199999
1985-08-01,emp,6675537.856799999
1985-08-01,uemp,572695.4476
1985-08-01,lf,7248233.3044
1985-08-01,nilf,4783088.482899999
1985-08-01,pop_15yr_over,12031321.7873
1985-09-01,emp,6814705.3585
1985-09-01,uemp,589229.9056
1985-09-01,lf,7403935.264099999
1985-09-01,nilf,4646614.2499
1985-09-01,pop_15yr_over,12050549.514
1985-10-01,emp,6771053.3584
1985-10-01,uemp,534784.6261
1985-10-01,lf,7305837.9845
1985-10-01,nilf,4767472.5926
1985-10-01,pop_15yr_over,12073310.5771
1985-11-01,emp,6881944.1952
1985-11-01,uemp,543094.9528
1985-11-01,lf,7425039.148
1985-11-01,nilf,4671032.3234
1985-11-01,pop_15yr_over,12096071.4714
1985-12-01,emp,6910839.231699999
1985-12-01,uemp,591121.2989
1985-12-01,lf,7501960.5306
1985-12-01,nilf,4617041.3584
1985-12-01,pop_15yr_over,12119001.888999999
1986-01-01,emp,6753619.7634
1986-01-01,uemp,624840.9548
1986-01-01,lf,7378460.7182
1986-01-01,nilf,4763140.6036
1986-01-01,pop_15yr_over,12141601.321800001
1986-02-01,emp,6861855.494
1986-02-01,uemp,665292.4183
1986-02-01,lf,7527147.9123
1986-02-01,nilf,4637016.232
1986-02-01,pop_15yr_over,12164164.1443
1986-03-01,emp,6961894.663299999
1986-03-01,uemp,642564.2953
1986-03-01,lf,7604458.9586000005
1986-03-01,nilf,4582481.023
1986-03-01,pop_15yr_over,12186939.9816
1986-04-01,emp,6997885.6450000005
1986-04-01,uemp,608653.9106000001
1986-04-01,lf,7606539.556
1986-04-01,nilf,4601293.716999999
1986-04-01,pop_15yr_over,12207833.27
1986-05-01,emp,6978969.976000001
1986-05-01,uemp,594500.2444000001
1986-05-01,lf,7573470.22
1986-05-01,nilf,4655195.76
1986-05-01,pop_15yr_over,12228665.98
1986-06-01,emp,7007678.152000001
1986-06-01,uemp,563808.5457
1986-06-01,lf,7571486.698
1986-06-01,nilf,4678177.539
1986-06-01,pop_15yr_over,12249664.24
1986-07-01,emp,6991497.212
1986-07-01,uemp,596075.9523
1986-07-01,lf,7587573.165
1986-07-01,nilf,4683197.8719999995
1986-07-01,pop_15yr_over,12270771.04
1986-08-01,emp,6918525.052
1986-08-01,uemp,597629.0645
1986-08-01,lf,7516154.117
1986-08-01,nilf,4775650.0649999995
1986-08-01,pop_15yr_over,12291804.18
1986-09-01,emp,7040598.600000001
1986-09-01,uemp,633076.7289
1986-09-01,lf,7673675.329
1986-09-01,nilf,4639349.665
1986-09-01,pop_15yr_over,12313024.99
1986-10-01,emp,7030367.547
1986-10-01,uemp,591012.8257
1986-10-01,lf,7621380.373
1986-10-01,nilf,4713430.789
1986-10-01,pop_15yr_over,12334811.16
1986-11-01,emp,7034163.94
1986-11-01,uemp,584203.5545
1986-11-01,lf,7618367.494
1986-11-01,nilf,4738188.679
1986-11-01,pop_15yr_over,12356556.17
1986-12-01,emp,7116814.849
1986-12-01,uemp,655809.7760000001
1986-12-01,lf,7772624.625
1986-12-01,nilf,4605913.332
1986-12-01,pop_15yr_over,12378537.959999999
1987-01-01,emp,6902543.985
1987-01-01,uemp,670689.2626
1987-01-01,lf,7573233.248
1987-01-01,nilf,4828206.493
1987-01-01,pop_15yr_over,12401439.74
1987-02-01,emp,7022252.753
1987-02-01,uemp,699655.0839
1987-02-01,lf,7721907.836999999
1987-02-01,nilf,4702373.998
1987-02-01,pop_15yr_over,12424281.83
1987-03-01,emp,7133389.586
1987-03-01,uemp,702849.5881
1987-03-01,lf,7836239.174000001
1987-03-01,nilf,4611137.973
1987-03-01,pop_15yr_over,12447377.15
1987-04-01,emp,7109576.413
1987-04-01,uemp,652045.3119999999
1987-04-01,lf,7761621.725
1987-04-01,nilf,4707124.181
1987-04-01,pop_15yr_over,12468745.91
1987-05-01,emp,7103523.457
1987-05-01,uemp,635133.8559
1987-05-01,lf,7738657.313
1987-05-01,nilf,4751168.995
1987-05-01,pop_15yr_over,12489826.31
1987-06-01,emp,7128887.578
1987-06-01,uemp,603126.0181999999
1987-06-01,lf,7732013.596
1987-06-01,nilf,4779032.495
1987-06-01,pop_15yr_over,12511046.09
1987-07-01,emp,7175620.017999999
1987-07-01,uemp,610097.676
1987-07-01,lf,7785717.694
1987-07-01,nilf,4745513.006
1987-07-01,pop_15yr_over,12531230.7
1987-08-01,emp,7092257.321
1987-08-01,uemp,602033.9426000001
1987-08-01,lf,7694291.264
1987-08-01,nilf,4856787.108
1987-08-01,pop_15yr_over,12551078.37
1987-09-01,emp,7186533.46
1987-09-01,uemp,597602.5738
1987-09-01,lf,7784136.034
1987-09-01,nilf,4786987.961
1987-09-01,pop_15yr_over,12571123.99
1987-10-01,emp,7177382.961
1987-10-01,uemp,585398.2292
1987-10-01,lf,7762781.1899999995
1987-10-01,nilf,4831601.807
1987-10-01,pop_15yr_over,12594383
1987-11-01,emp,7182161.301
1987-11-01,uemp,567069.7173
1987-11-01,lf,7749231.018
1987-11-01,nilf,4868074.921
1987-11-01,pop_15yr_over,12617305.94
1987-12-01,emp,7330688.657
1987-12-01,uemp,620635.5777
1987-12-01,lf,7951324.235
1987-12-01,nilf,4689145.177
1987-12-01,pop_15yr_over,12640469.41
1988-01-01,emp,7169392.598
1988-01-01,uemp,646230.6849
1988-01-01,lf,7815623.283
1988-01-01,nilf,4848740.791
1988-01-01,pop_15yr_over,12664364.07
1988-02-01,emp,7247304.349
1988-02-01,uemp,644748.5882
1988-02-01,lf,7892052.938
1988-02-01,nilf,4795904.259
1988-02-01,pop_15yr_over,12687957.200000001
1988-03-01,emp,7397447.882
1988-03-01,uemp,645201.5149
1988-03-01,lf,8042649.397
1988-03-01,nilf,4669137.771
1988-03-01,pop_15yr_over,12711787.17
1988-04-01,emp,7383371.107
1988-04-01,uemp,644794.9779
1988-04-01,lf,8028166.085
1988-04-01,nilf,4704385.98
1988-04-01,pop_15yr_over,12732552.06
1988-05-01,emp,7354833.831
1988-05-01,uemp,592967.2084
1988-05-01,lf,7947801.04
1988-05-01,nilf,4805526.051
1988-05-01,pop_15yr_over,12753327.09
1988-06-01,emp,7378263.0030000005
1988-06-01,uemp,569047.2076999999
1988-06-01,lf,7947310.21
1988-06-01,nilf,4827017.511
1988-06-01,pop_15yr_over,12774327.719999999
1988-07-01,emp,7383061.995
1988-07-01,uemp,518781.0648
1988-07-01,lf,7901843.0600000005
1988-07-01,nilf,4892713.989
1988-07-01,pop_15yr_over,12794557.049999999
1988-08-01,emp,7353286.392
1988-08-01,uemp,538697.7037000001
1988-08-01,lf,7891984.095
1988-08-01,nilf,4922462.034999999
1988-08-01,pop_15yr_over,12814446.13
1988-09-01,emp,7503157.163
1988-09-01,uemp,554549.5959
1988-09-01,lf,8057706.758
1988-09-01,nilf,4776838.866
1988-09-01,pop_15yr_over,12834545.620000001
1988-10-01,emp,7477266.467999999
1988-10-01,uemp,507894.2919
1988-10-01,lf,7985160.76
1988-10-01,nilf,4871707.102
1988-10-01,pop_15yr_over,12856867.86
1988-11-01,emp,7508606.914
1988-11-01,uemp,488393.9829
1988-11-01,lf,7997000.897
1988-11-01,nilf,4882163.375
1988-11-01,pop_15yr_over,12879164.27
1988-12-01,emp,7622911.428
1988-12-01,uemp,563324.5855
1988-12-01,lf,8186236.014
1988-12-01,nilf,4715437.918
1988-12-01,pop_15yr_over,12901673.930000002
1989-01-01,emp,7423842.649999999
1989-01-01,uemp,592017.2889
1989-01-01,lf,8015859.939
1989-01-01,nilf,4905794.649
1989-01-01,pop_15yr_over,12921654.59
1989-02-01,emp,7566488.4229999995
1989-02-01,uemp,597733.6085
1989-02-01,lf,8164222.032
1989-02-01,nilf,4777133.848999999
1989-02-01,pop_15yr_over,12941355.879999999
1989-03-01,emp,7634644.680000001
1989-03-01,uemp,545858.642
1989-03-01,lf,8180503.322
1989-03-01,nilf,4780824.4969999995
1989-03-01,pop_15yr_over,12961327.82
1989-04-01,emp,7678426.956
1989-04-01,uemp,514994.6978
1989-04-01,lf,8193421.654
1989-04-01,nilf,4786570.241
1989-04-01,pop_15yr_over,12979991.9
1989-05-01,emp,7720789.507
1989-05-01,uemp,517337.1743
1989-05-01,lf,8238126.682
1989-05-01,nilf,4760468.971
1989-05-01,pop_15yr_over,12998595.649999999
1989-06-01,emp,7711039.122
1989-06-01,uemp,475943.4734
1989-06-01,lf,8186982.596
1989-06-01,nilf,4830435.6680000005
1989-06-01,pop_15yr_over,13017418.26
1989-07-01,emp,7740771.902000001
1989-07-01,uemp,482079.7652
1989-07-01,lf,8222851.667
1989-07-01,nilf,4813241.615
1989-07-01,pop_15yr_over,13036093.28
1989-08-01,emp,7715273.013
1989-08-01,uemp,468341.8654
1989-08-01,lf,8183614.8780000005
1989-08-01,nilf,4871115.261
1989-08-01,pop_15yr_over,13054730.14
1989-09-01,emp,7841590.327
1989-09-01,uemp,499797.8566
1989-09-01,lf,8341388.182999999
1989-09-01,nilf,4732185.659
1989-09-01,pop_15yr_over,13073573.84
1989-10-01,emp,7806483.846
1989-10-01,uemp,456430.0123
1989-10-01,lf,8262913.859
1989-10-01,nilf,4830510.495
1989-10-01,pop_15yr_over,13093424.35
1989-11-01,emp,7862356.823
1989-11-01,uemp,445317.19700000004
1989-11-01,lf,8307674.0200000005
1989-11-01,nilf,4805486.638
1989-11-01,pop_15yr_over,13113160.66
1989-12-01,emp,7935525.34
1989-12-01,uemp,500964.0184
1989-12-01,lf,8436489.358000001
1989-12-01,nilf,4696605.633
1989-12-01,pop_15yr_over,13133094.99
1990-01-01,emp,7707692.951
1990-01-01,uemp,549295.5754
1990-01-01,lf,8256988.527
1990-01-01,nilf,4894265.861
1990-01-01,pop_15yr_over,13151254.39
1990-02-01,emp,7802990.262
1990-02-01,uemp,592676.0014000001
1990-02-01,lf,8395666.263999999
1990-02-01,nilf,4773619.286
1990-02-01,pop_15yr_over,13169285.55
1990-03-01,emp,7874133.266
1990-03-01,uemp,547922.1242999999
1990-03-01,lf,8422055.389999999
1990-03-01,nilf,4765483.970000001
1990-03-01,pop_15yr_over,13187539.360000001
1990-04-01,emp,7887948.389
1990-04-01,uemp,533180.8201
1990-04-01,lf,8421129.209
1990-04-01,nilf,4783593.16
1990-04-01,pop_15yr_over,13204722.37
1990-05-01,emp,7908463.677
1990-05-01,uemp,548636.6799999999
1990-05-01,lf,8457100.356999999
1990-05-01,nilf,4764741.7930000005
1990-05-01,pop_15yr_over,13221842.15
1990-06-01,emp,7900256.9350000005
1990-06-01,uemp,539582.3236
1990-06-01,lf,8439839.258
1990-06-01,nilf,4799352.973
1990-06-01,pop_15yr_over,13239192.23
1990-07-01,emp,7919444.887
1990-07-01,uemp,567041.0706999999
1990-07-01,lf,8486485.957999999
1990-07-01,nilf,4768176.961999999
1990-07-01,pop_15yr_over,13254662.92
1990-08-01,emp,7807982.887
1990-08-01,uemp,584565.804
1990-08-01,lf,8392548.691
1990-08-01,nilf,4877504.245
1990-08-01,pop_15yr_over,13270052.94
1990-09-01,emp,7905534.512
1990-09-01,uemp,625022.4596000001
1990-09-01,lf,8530556.971
1990-09-01,nilf,4755114.356
1990-09-01,pop_15yr_over,13285671.33
1990-10-01,emp,7848901.359
1990-10-01,uemp,603083.0995
1990-10-01,lf,8451984.458999999
1990-10-01,nilf,4851267.022
1990-10-01,pop_15yr_over,13303251.48
1990-11-01,emp,7826922.722999999
1990-11-01,uemp,625779.0937
1990-11-01,lf,8452701.817
1990-11-01,nilf,4868028.314
1990-11-01,pop_15yr_over,13320730.13
1990-12-01,emp,7915536.125
1990-12-01,uemp,700839.1514
1990-12-01,lf,8616375.276999999
1990-12-01,nilf,4722038.046
1990-12-01,pop_15yr_over,13338413.32
1991-01-01,emp,7641269.188999999
1991-01-01,uemp,763321.6342
1991-01-01,lf,8404590.823
1991-01-01,nilf,4948901.248
1991-01-01,pop_15yr_over,13353492.07
1991-02-01,emp,7708780.594
1991-02-01,uemp,807546.6346
1991-02-01,lf,8516327.228
1991-02-01,nilf,4852181.767
1991-02-01,pop_15yr_over,13368509
1991-03-01,emp,7715386.2639999995
1991-03-01,uemp,818667.6259
1991-03-01,lf,8534053.889999999
1991-03-01,nilf,4849544.101000001
1991-03-01,pop_15yr_over,13383597.99
1991-04-01,emp,7717206.51
1991-04-01,uemp,849493.4822
1991-04-01,lf,8566699.992
1991-04-01,nilf,4832169.824
1991-04-01,pop_15yr_over,13398869.82
1991-05-01,emp,7703716.448999999
1991-05-01,uemp,805407.9362
1991-05-01,lf,8509124.385
1991-05-01,nilf,4904957.779
1991-05-01,pop_15yr_over,13414082.16
1991-06-01,emp,7678064.063
1991-06-01,uemp,757682.9427
1991-06-01,lf,8435747.006
1991-06-01,nilf,4993556.023
1991-06-01,pop_15yr_over,13429303.03
1991-07-01,emp,7582980.614
1991-07-01,uemp,797379.07
1991-07-01,lf,8380359.683999999
1991-07-01,nilf,5065033.316
1991-07-01,pop_15yr_over,13445393
1991-08-01,emp,7620703.211
1991-08-01,uemp,796614.4527
1991-08-01,lf,8417317.664
1991-08-01,nilf,5043317.336
1991-08-01,pop_15yr_over,13460635
1991-09-01,emp,7713236.218
1991-09-01,uemp,854132.2661
1991-09-01,lf,8567368.484000001
1991-09-01,nilf,4908510.516
1991-09-01,pop_15yr_over,13475879
1991-10-01,emp,7637961.584
1991-10-01,uemp,789031.7782
1991-10-01,lf,8426993.362
1991-10-01,nilf,5061143.637999999
1991-10-01,pop_15yr_over,13488137
1991-11-01,emp,7614941.76
1991-11-01,uemp,806171.3059
1991-11-01,lf,8421113.066
1991-11-01,nilf,5079285.934
1991-11-01,pop_15yr_over,13500399
1991-12-01,emp,7712178.014
1991-12-01,uemp,906003.6808
1991-12-01,lf,8618181.694999998
1991-12-01,nilf,4894475.305
1991-12-01,pop_15yr_over,13512657
1992-01-01,emp,7518948.13
1992-01-01,uemp,948552.3267999999
1992-01-01,lf,8467500.457
1992-01-01,nilf,5063206.5430000005
1992-01-01,pop_15yr_over,13530707
1992-02-01,emp,7597175.453
1992-02-01,uemp,982766.7093
1992-02-01,lf,8579942.161999999
1992-02-01,nilf,4968810.838
1992-02-01,pop_15yr_over,13548753
1992-03-01,emp,7646156.9399999995
1992-03-01,uemp,935272.2069999999
1992-03-01,lf,8581429.147
1992-03-01,nilf,4985373.853
1992-03-01,pop_15yr_over,13566803
1992-04-01,emp,7644082.12
1992-04-01,uemp,894588.3631000001
1992-04-01,lf,8538670.483
1992-04-01,nilf,5038696.517
1992-04-01,pop_15yr_over,13577367
1992-05-01,emp,7631400.055
1992-05-01,uemp,901690.0915
1992-05-01,lf,8533090.146
1992-05-01,nilf,5054844.854
1992-05-01,pop_15yr_over,13587935
1992-06-01,emp,7637308.49
1992-06-01,uemp,894791.6715
1992-06-01,lf,8532100.162
1992-06-01,nilf,5066398.838
1992-06-01,pop_15yr_over,13598499
1992-07-01,emp,7668259.482000001
1992-07-01,uemp,904773.9405
1992-07-01,lf,8573033.423
1992-07-01,nilf,5037798.577
1992-07-01,pop_15yr_over,13610832
1992-08-01,emp,7613399.101
1992-08-01,uemp,886237.5365
1992-08-01,lf,8499636.638
1992-08-01,nilf,5123528.362
1992-08-01,pop_15yr_over,13623165
1992-09-01,emp,7709740.96
1992-09-01,uemp,910346.127
1992-09-01,lf,8620087.087
1992-09-01,nilf,5015410.913
1992-09-01,pop_15yr_over,13635498
1992-10-01,emp,7665683.759
1992-10-01,uemp,893743.9917
1992-10-01,lf,8559427.751
1992-10-01,nilf,5086467.249
1992-10-01,pop_15yr_over,13645895
1992-11-01,emp,7587446.5
1992-11-01,uemp,888238.2838
1992-11-01,lf,8475684.784
1992-11-01,nilf,5180605.216
1992-11-01,pop_15yr_over,13656290
1992-12-01,emp,7693386.617000001
1992-12-01,uemp,969202.4169
1992-12-01,lf,8662589.034
1992-12-01,nilf,5004097.966
1992-12-01,pop_15yr_over,13666687
1993-01-01,emp,7533699.516
1993-01-01,uemp,998921.8324
1993-01-01,lf,8532621.349
1993-01-01,nilf,5150350.651
1993-01-01,pop_15yr_over,13682972
1993-02-01,emp,7530959.308999999
1993-02-01,uemp,1039332.38
1993-02-01,lf,8570291.689
1993-02-01,nilf,5128960.311
1993-02-01,pop_15yr_over,13699252
1993-03-01,emp,7645743.799
1993-03-01,uemp,972360.6533
1993-03-01,lf,8618104.452
1993-03-01,nilf,5097432.5479999995
1993-03-01,pop_15yr_over,13715537
1993-04-01,emp,7572586.102
1993-04-01,uemp,920874.0118
1993-04-01,lf,8493460.114
1993-04-01,nilf,5230471.886
1993-04-01,pop_15yr_over,13723932
1993-05-01,emp,7620506.789
1993-05-01,uemp,915407.2899
1993-05-01,lf,8535914.079
1993-05-01,nilf,5196411.921
1993-05-01,pop_15yr_over,13732326
1993-06-01,emp,7627940.278
1993-06-01,uemp,911184.4007
1993-06-01,lf,8539124.679000001
1993-06-01,nilf,5201596.3209999995
1993-06-01,pop_15yr_over,13740721
1993-07-01,emp,7646525.974
1993-07-01,uemp,885170.2863
1993-07-01,lf,8531696.26
1993-07-01,nilf,5222287.74
1993-07-01,pop_15yr_over,13753984
1993-08-01,emp,7589403.131
1993-08-01,uemp,909499.7134
1993-08-01,lf,8498902.845
1993-08-01,nilf,5268346.155
1993-08-01,pop_15yr_over,13767249
1993-09-01,emp,7747578.881
1993-09-01,uemp,927444.6442
1993-09-01,lf,8675023.525
1993-09-01,nilf,5105488.475000001
1993-09-01,pop_15yr_over,13780512
1993-10-01,emp,7738764.732
1993-10-01,uemp,892594.4961
1993-10-01,lf,8631359.228
1993-10-01,nilf,5159956.772
1993-10-01,pop_15yr_over,13791316
1993-11-01,emp,7744926.055
1993-11-01,uemp,892882.3594000001
1993-11-01,lf,8637808.413999999
1993-11-01,nilf,5164307.586
1993-11-01,pop_15yr_over,13802116
1993-12-01,emp,7842103.563
1993-12-01,uemp,939282.7590000001
1993-12-01,lf,8781386.322
1993-12-01,nilf,5031533.677999999
1993-12-01,pop_15yr_over,13812920
1994-01-01,emp,7646796.07
1994-01-01,uemp,983463.2370000001
1994-01-01,lf,8630259.307
1994-01-01,nilf,5199312.693
1994-01-01,pop_15yr_over,13829572
1994-02-01,emp,7738597.9180000005
1994-02-01,uemp,1005079.581
1994-02-01,lf,8743677.499
1994-02-01,nilf,5102550.501
1994-02-01,pop_15yr_over,13846228
1994-03-01,emp,7824238.563
1994-03-01,uemp,945000.6625
1994-03-01,lf,8769239.226
1994-03-01,nilf,5093639.774
1994-03-01,pop_15yr_over,13862879
1994-04-01,emp,7827361.76
1994-04-01,uemp,876426.4531
1994-04-01,lf,8703788.213
1994-04-01,nilf,5169142.787
1994-04-01,pop_15yr_over,13872931
1994-05-01,emp,7857908.786
1994-05-01,uemp,844441.9787000001
1994-05-01,lf,8702350.764999999
1994-05-01,nilf,5180629.235
1994-05-01,pop_15yr_over,13882980
1994-06-01,emp,7878448.9229999995
1994-06-01,uemp,828612.4326000001
1994-06-01,lf,8707061.356
1994-06-01,nilf,5185970.644
1994-06-01,pop_15yr_over,13893032
1994-07-01,emp,7966018.243000001
1994-07-01,uemp,798735.2938999999
1994-07-01,lf,8764753.537
1994-07-01,nilf,5143333.4629999995
1994-07-01,pop_15yr_over,13908087
1994-08-01,emp,7861693.875
1994-08-01,uemp,796098.5107999999
1994-08-01,lf,8657792.385
1994-08-01,nilf,5265349.615
1994-08-01,pop_15yr_over,13923142
1994-09-01,emp,8054408.3950000005
1994-09-01,uemp,829323.8282
1994-09-01,lf,8883732.223000001
1994-09-01,nilf,5054464.777
1994-09-01,pop_15yr_over,13938197
1994-10-01,emp,7997155.273999999
1994-10-01,uemp,750942.6261999999
1994-10-01,lf,8748097.9
1994-10-01,nilf,5200593.1
1994-10-01,pop_15yr_over,13948691
1994-11-01,emp,8003253.372
1994-11-01,uemp,755044.1625
1994-11-01,lf,8758297.535
1994-11-01,nilf,5200884.465
1994-11-01,pop_15yr_over,13959182
1994-12-01,emp,8135531.279
1994-12-01,uemp,791015.9059
1994-12-01,lf,8926547.183999998
1994-12-01,nilf,5043128.816000001
1994-12-01,pop_15yr_over,13969676
1995-01-01,emp,7928420.296999999
1995-01-01,uemp,836355.7256
1995-01-01,lf,8764776.023
1995-01-01,nilf,5222934.977
1995-01-01,pop_15yr_over,13987711
1995-02-01,emp,8049875.932
1995-02-01,uemp,873726.8519
1995-02-01,lf,8923602.784
1995-02-01,nilf,5082145.216
1995-02-01,pop_15yr_over,14005748
1995-03-01,emp,8118137.7700000005
1995-03-01,uemp,804056.4894000001
1995-03-01,lf,8922194.26
1995-03-01,nilf,5101588.74
1995-03-01,pop_15yr_over,14023783
1995-04-01,emp,8174623.475000001
1995-04-01,uemp,737776.0684
1995-04-01,lf,8912399.543
1995-04-01,nilf,5126944.4569999995
1995-04-01,pop_15yr_over,14039344
1995-05-01,emp,8165201.600000001
1995-05-01,uemp,750830.7972
1995-05-01,lf,8916032.398
1995-05-01,nilf,5138872.602
1995-05-01,pop_15yr_over,14054905
1995-06-01,emp,8205637.713
1995-06-01,uemp,723459.2261
1995-06-01,lf,8929096.939
1995-06-01,nilf,5141369.061000001
1995-06-01,pop_15yr_over,14070466
1995-07-01,emp,8229022.080999999
1995-07-01,uemp,708794.7423
1995-07-01,lf,8937816.824
1995-07-01,nilf,5149185.176
1995-07-01,pop_15yr_over,14087002
1995-08-01,emp,8165918.716999999
1995-08-01,uemp,718945.2359
1995-08-01,lf,8884863.953
1995-08-01,nilf,5218672.047
1995-08-01,pop_15yr_over,14103536
1995-09-01,emp,8300390.696
1995-09-01,uemp,756767.4555
1995-09-01,lf,9057158.151
1995-09-01,nilf,5062912.849
1995-09-01,pop_15yr_over,14120071
1995-10-01,emp,8232594.0940000005
1995-10-01,uemp,725747.5482
1995-10-01,lf,8958341.643
1995-10-01,nilf,5178961.357
1995-10-01,pop_15yr_over,14137303
1995-11-01,emp,8300262.109999999
1995-11-01,uemp,719942.9847
1995-11-01,lf,9020205.094999999
1995-11-01,nilf,5134330.905
1995-11-01,pop_15yr_over,14154536
1995-12-01,emp,8395661.049
1995-12-01,uemp,736036.7399
1995-12-01,lf,9131697.788999999
1995-12-01,nilf,5040069.211
1995-12-01,pop_15yr_over,14171767
1996-01-01,emp,8166718.519
1996-01-01,uemp,817714.7073
1996-01-01,lf,8984433.226
1996-01-01,nilf,5205308.774
1996-01-01,pop_15yr_over,14189742
1996-02-01,emp,8246603.478000001
1996-02-01,uemp,839721.8402
1996-02-01,lf,9086325.318
1996-02-01,nilf,5121389.682
1996-02-01,pop_15yr_over,14207715
1996-03-01,emp,8280439.708
1996-03-01,uemp,799197.0913
1996-03-01,lf,9079636.799
1996-03-01,nilf,5146054.201
1996-03-01,pop_15yr_over,14225691
1996-04-01,emp,8248036.480999999
1996-04-01,uemp,782174.3214
1996-04-01,lf,9030210.802
1996-04-01,nilf,5210636.198
1996-04-01,pop_15yr_over,14240847
1996-05-01,emp,8297125.431000001
1996-05-01,uemp,758056.9203
1996-05-01,lf,9055182.351
1996-05-01,nilf,5200821.649
1996-05-01,pop_15yr_over,14256004
1996-06-01,emp,8311679.072999999
1996-06-01,uemp,723809.9243000001
1996-06-01,lf,9035488.998000002
1996-06-01,nilf,5235671.002
1996-06-01,pop_15yr_over,14271160
1996-07-01,emp,8332100.772
1996-07-01,uemp,727322.3828
1996-07-01,lf,9059423.155000001
1996-07-01,nilf,5228405.845000001
1996-07-01,pop_15yr_over,14287829
1996-08-01,emp,8265864.857000001
1996-08-01,uemp,763632.8692
1996-08-01,lf,9029497.726
1996-08-01,nilf,5274999.274
1996-08-01,pop_15yr_over,14304497
1996-09-01,emp,8372973.49
1996-09-01,uemp,785366.8098
1996-09-01,lf,9158340.3
1996-09-01,nilf,5162825.7
1996-09-01,pop_15yr_over,14321166
1996-10-01,emp,8319388.073
1996-10-01,uemp,751867.3334
1996-10-01,lf,9071255.407
1996-10-01,nilf,5264536.592999999
1996-10-01,pop_15yr_over,14335792
1996-11-01,emp,8314369.852
1996-11-01,uemp,722859.4813
1996-11-01,lf,9037229.333999999
1996-11-01,nilf,5313183.667
1996-11-01,pop_15yr_over,14350413
1996-12-01,emp,8431382.046
1996-12-01,uemp,786889.1190000001
1996-12-01,lf,9218271.165000001
1996-12-01,nilf,5146767.835
1996-12-01,pop_15yr_over,14365039
1997-01-01,emp,8235213.736
1997-01-01,uemp,833121.7712
1997-01-01,lf,9068335.507
1997-01-01,nilf,5315813.493
1997-01-01,pop_15yr_over,14384149
1997-02-01,emp,8291387.55
1997-02-01,uemp,886858.6258
1997-02-01,lf,9178246.176
1997-02-01,nilf,5225014.824
1997-02-01,pop_15yr_over,14403261
1997-03-01,emp,8347487.502
1997-03-01,uemp,823724.7357
1997-03-01,lf,9171212.238
1997-03-01,nilf,5251158.762
1997-03-01,pop_15yr_over,14422371
1997-04-01,emp,8343062.501
1997-04-01,uemp,785112.5851
1997-04-01,lf,9128175.086
1997-04-01,nilf,5305217.914
1997-04-01,pop_15yr_over,14433393
1997-05-01,emp,8330186.4399999995
1997-05-01,uemp,774946.9481
1997-05-01,lf,9105133.388
1997-05-01,nilf,5339282.612
1997-05-01,pop_15yr_over,14444416
1997-06-01,emp,8345585.772000001
1997-06-01,uemp,735209.2682
1997-06-01,lf,9080795.041
1997-06-01,nilf,5374642.959
1997-06-01,pop_15yr_over,14455438
1997-07-01,emp,8374861.973999999
1997-07-01,uemp,731421.0941999999
1997-07-01,lf,9106283.068999998
1997-07-01,nilf,5363257.931
1997-07-01,pop_15yr_over,14469541
1997-08-01,emp,8250306.053
1997-08-01,uemp,743432.9501
1997-08-01,lf,8993739.003
1997-08-01,nilf,5489904.9969999995
1997-08-01,pop_15yr_over,14483644
1997-09-01,emp,8473995.632
1997-09-01,uemp,744672.3833
1997-09-01,lf,9218668.014999999
1997-09-01,nilf,5279078.985
1997-09-01,pop_15yr_over,14497747
1997-10-01,emp,8405240.341
1997-10-01,uemp,692065.9114
1997-10-01,lf,9097306.253
1997-10-01,nilf,5413898.747
1997-10-01,pop_15yr_over,14511205
1997-11-01,emp,8462084.729
1997-11-01,uemp,690770.9965
1997-11-01,lf,9152855.725
1997-11-01,nilf,5371808.275
1997-11-01,pop_15yr_over,14524664
1997-12-01,emp,8540480.651
1997-12-01,uemp,720463.6632000001
1997-12-01,lf,9260944.314000001
1997-12-01,nilf,5277177.686
1997-12-01,pop_15yr_over,14538122
1998-01-01,emp,8334725.487
1998-01-01,uemp,770069.9041
1998-01-01,lf,9104795.390999999
1998-01-01,nilf,5453835.609
1998-01-01,pop_15yr_over,14558631
1998-02-01,emp,8412996.584
1998-02-01,uemp,794682.0360000001
1998-02-01,lf,9207678.620000001
1998-02-01,nilf,5371459.38
1998-02-01,pop_15yr_over,14579138
1998-03-01,emp,8459959.189
1998-03-01,uemp,757876.6510000001
1998-03-01,lf,9217835.84
1998-03-01,nilf,5381811.16
1998-03-01,pop_15yr_over,14599647
1998-04-01,emp,8499940.711
1998-04-01,uemp,702906.8089
1998-04-01,lf,9202847.52
1998-04-01,nilf,5408201.4799999995
1998-04-01,pop_15yr_over,14611049
1998-05-01,emp,8482540.018
1998-05-01,uemp,711195.3804
1998-05-01,lf,9193735.398999998
1998-05-01,nilf,5428718.601
1998-05-01,pop_15yr_over,14622454
1998-06-01,emp,8516778.015
1998-06-01,uemp,702784.0789000001
1998-06-01,lf,9219562.093
1998-06-01,nilf,5414293.9059999995
1998-06-01,pop_15yr_over,14633856
1998-07-01,emp,8541872.332
1998-07-01,uemp,686717.6799999999
1998-07-01,lf,9228590.012
1998-07-01,nilf,5420661.988
1998-07-01,pop_15yr_over,14649252
1998-08-01,emp,8455233.464000002
1998-08-01,uemp,690220.3426
1998-08-01,lf,9145453.807
1998-08-01,nilf,5519192.193
1998-08-01,pop_15yr_over,14664646
1998-09-01,emp,8653182.242999999
1998-09-01,uemp,716070.3934
1998-09-01,lf,9369252.636
1998-09-01,nilf,5310789.363
1998-09-01,pop_15yr_over,14680042
1998-10-01,emp,8601021.356999999
1998-10-01,uemp,640418.7194
1998-10-01,lf,9241440.076000001
1998-10-01,nilf,5453964.924
1998-10-01,pop_15yr_over,14695405
1998-11-01,emp,8554294.864
1998-11-01,uemp,665349.6727
1998-11-01,lf,9219644.537
1998-11-01,nilf,5491130.463
1998-11-01,pop_15yr_over,14710775
1998-12-01,emp,8696544.725
1998-12-01,uemp,659091.475
1998-12-01,lf,9355636.200000001
1998-12-01,nilf,5370501.8
1998-12-01,pop_15yr_over,14726138
1999-01-01,emp,8477421.16
1999-01-01,uemp,702528.1191
1999-01-01,lf,9179949.279000001
1999-01-01,nilf,5566700.721
1999-01-01,pop_15yr_over,14746650
1999-02-01,emp,8556474.181
1999-02-01,uemp,735769.0122
1999-02-01,lf,9292243.194
1999-02-01,nilf,5474919.806
1999-02-01,pop_15yr_over,14767163
1999-03-01,emp,8618891.695
1999-03-01,uemp,683544.8656
1999-03-01,lf,9302436.56
1999-03-01,nilf,5485238.44
1999-03-01,pop_15yr_over,14787675
1999-04-01,emp,8631905.027999999
1999-04-01,uemp,652779.3847
1999-04-01,lf,9284684.413
1999-04-01,nilf,5515961.586999999
1999-04-01,pop_15yr_over,14800646
1999-05-01,emp,8606520.123
1999-05-01,uemp,649018.6814
1999-05-01,lf,9255538.804
1999-05-01,nilf,5558076.1959999995
1999-05-01,pop_15yr_over,14813615
1999-06-01,emp,8673209.473000001
1999-06-01,uemp,600573.4614
1999-06-01,lf,9273782.934999999
1999-06-01,nilf,5552803.065
1999-06-01,pop_15yr_over,14826586
1999-07-01,emp,8706657.945999999
1999-07-01,uemp,575481.4913999999
1999-07-01,lf,9282139.436999999
1999-07-01,nilf,5561016.563
1999-07-01,pop_15yr_over,14843156
1999-08-01,emp,8603623.589000002
1999-08-01,uemp,619694.8093
1999-08-01,lf,9223318.399
1999-08-01,nilf,5636406.601
1999-08-01,pop_15yr_over,14859725
1999-09-01,emp,8777065.178000001
1999-09-01,uemp,668821.2084
1999-09-01,lf,9445886.386
1999-09-01,nilf,5430408.614
1999-09-01,pop_15yr_over,14876295
1999-10-01,emp,8755261.7
1999-10-01,uemp,600300.2602
1999-10-01,lf,9355561.96
1999-10-01,nilf,5537320.04
1999-10-01,pop_15yr_over,14892882
1999-11-01,emp,8763667.477
1999-11-01,uemp,565695.7446999999
1999-11-01,lf,9329363.222
1999-11-01,nilf,5580106.778
1999-11-01,pop_15yr_over,14909470
1999-12-01,emp,8900677.203
1999-12-01,uemp,625715.0634
1999-12-01,lf,9526392.266999999
1999-12-01,nilf,5399664.733
1999-12-01,pop_15yr_over,14926057
2000-01-01,emp,8628197.875
2000-01-01,uemp,674754.3041000001
2000-01-01,lf,9302952.179
2000-01-01,nilf,5644988.8209999995
2000-01-01,pop_15yr_over,14947941
2000-02-01,emp,8754404.22
2000-02-01,uemp,699238.1039000001
2000-02-01,lf,9453642.324000001
2000-02-01,nilf,5516178.676000001
2000-02-01,pop_15yr_over,14969821
2000-03-01,emp,8830676.211
2000-03-01,uemp,652837.6317
2000-03-01,lf,9483513.843
2000-03-01,nilf,5508191.157000001
2000-03-01,pop_15yr_over,14991705
2000-04-01,emp,8882189.323
2000-04-01,uemp,612157.4974999999
2000-04-01,lf,9494346.820999999
2000-04-01,nilf,5511227.1790000005
2000-04-01,pop_15yr_over,15005574
2000-05-01,emp,8864999.781000001
2000-05-01,uemp,607304.3193
2000-05-01,lf,9472304.1
2000-05-01,nilf,5547135.9
2000-05-01,pop_15yr_over,15019440
2000-06-01,emp,8921984.07
2000-06-01,uemp,564324.5278
2000-06-01,lf,9486308.598
2000-06-01,nilf,5547000.402
2000-06-01,pop_15yr_over,15033309
2000-07-01,emp,9020015.797
2000-07-01,uemp,525575.0458999999
2000-07-01,lf,9545590.843
2000-07-01,nilf,5504853.157
2000-07-01,pop_15yr_over,15050444
2000-08-01,emp,8911587.89
2000-08-01,uemp,556138.1076
2000-08-01,lf,9467725.998
2000-08-01,nilf,5599853.001999999
2000-08-01,pop_15yr_over,15067579
2000-09-01,emp,9061343.432
2000-09-01,uemp,578095.5765
2000-09-01,lf,9639439.008
2000-09-01,nilf,5445274.992
2000-09-01,pop_15yr_over,15084714
2000-10-01,emp,8973118.411
2000-10-01,uemp,541093.4644
2000-10-01,lf,9514211.876
2000-10-01,nilf,5587712.124
2000-10-01,pop_15yr_over,15101924
2000-11-01,emp,8912719.473
2000-11-01,uemp,557373.1459
2000-11-01,lf,9470092.618999999
2000-11-01,nilf,5649040.381
2000-11-01,pop_15yr_over,15119133
2000-12-01,emp,9059553.065
2000-12-01,uemp,592152.7919000001
2000-12-01,lf,9651705.857
2000-12-01,nilf,5484637.143
2000-12-01,pop_15yr_over,15136343
2001-01-01,emp,8834949.496
2001-01-01,uemp,625737.7819
2001-01-01,lf,9460687.277999999
2001-01-01,nilf,5702236.722
2001-01-01,pop_15yr_over,15162924
2001-02-01,emp,8920935.432
2001-02-01,uemp,700364.2790999999
2001-02-01,lf,9621299.711
2001-02-01,nilf,5568202.288000001
2001-02-01,pop_15yr_over,15189502
2001-03-01,emp,8956049.5
2001-03-01,uemp,650197.4321
2001-03-01,lf,9606246.932
2001-03-01,nilf,5609836.068
2001-03-01,pop_15yr_over,15216083
2001-04-01,emp,9023643.403
2001-04-01,uemp,663626.9367999999
2001-04-01,lf,9687270.34
2001-04-01,nilf,5544266.66
2001-04-01,pop_15yr_over,15231537
2001-05-01,emp,9004629.114
2001-05-01,uemp,664228.7742
2001-05-01,lf,9668857.888
2001-05-01,nilf,5578136.112
2001-05-01,pop_15yr_over,15246994
2001-06-01,emp,9021857.545
2001-06-01,uemp,651512.4036
2001-06-01,lf,9673369.947999999
2001-06-01,nilf,5589078.052
2001-06-01,pop_15yr_over,15262448
2001-07-01,emp,9048861.764999999
2001-07-01,uemp,611867.0512
2001-07-01,lf,9660728.816000002
2001-07-01,nilf,5619110.184
2001-07-01,pop_15yr_over,15279839
2001-08-01,emp,8971895.396
2001-08-01,uemp,638136.5602
2001-08-01,lf,9610031.956999999
2001-08-01,nilf,5687191.044
2001-08-01,pop_15yr_over,15297223
2001-09-01,emp,9105922.387
2001-09-01,uemp,671245.1108
2001-09-01,lf,9777167.498000002
2001-09-01,nilf,5537446.501999999
2001-09-01,pop_15yr_over,15314614
2001-10-01,emp,9058656.494
2001-10-01,uemp,657921.2055
2001-10-01,lf,9716577.7
2001-10-01,nilf,5617322.3
2001-10-01,pop_15yr_over,15333900
2001-11-01,emp,9055644.025
2001-11-01,uemp,626306.7243
2001-11-01,lf,9681950.749
2001-11-01,nilf,5671234.251
2001-11-01,pop_15yr_over,15353185
2001-12-01,emp,9177130.9
2001-12-01,uemp,660031.7297
2001-12-01,lf,9837162.63
2001-12-01,nilf,5535308.37
2001-12-01,pop_15yr_over,15372471
2002-01-01,emp,8993401.124
2002-01-01,uemp,734816.9928
2002-01-01,lf,9728218.117
2002-01-01,nilf,5666031.882999999
2002-01-01,pop_15yr_over,15394250
2002-02-01,emp,9092309.935999999
2002-02-01,uemp,719874.1529
2002-02-01,lf,9812184.089
2002-02-01,nilf,5603845.911
2002-02-01,pop_15yr_over,15416030
2002-03-01,emp,9128533.155
2002-03-01,uemp,660003.7069999999
2002-03-01,lf,9788536.862000002
2002-03-01,nilf,5649272.138
2002-03-01,pop_15yr_over,15437809
2002-04-01,emp,9129534.371
2002-04-01,uemp,625695.9254
2002-04-01,lf,9755230.297
2002-04-01,nilf,5696423.703000001
2002-04-01,pop_15yr_over,15451654
2002-05-01,emp,9134673.081
2002-05-01,uemp,620852.256
2002-05-01,lf,9755525.337
2002-05-01,nilf,5709973.663
2002-05-01,pop_15yr_over,15465499
2002-06-01,emp,9180807.296
2002-06-01,uemp,619679.6046
2002-06-01,lf,9800486.901
2002-06-01,nilf,5678857.098999999
2002-06-01,pop_15yr_over,15479344
2002-07-01,emp,9194531.289
2002-07-01,uemp,552983.1509
2002-07-01,lf,9747514.440000001
2002-07-01,nilf,5748624.5600000005
2002-07-01,pop_15yr_over,15496139
2002-08-01,emp,9150286.149
2002-08-01,uemp,595163.735
2002-08-01,lf,9745449.884
2002-08-01,nilf,5767482.116
2002-08-01,pop_15yr_over,15512932
2002-09-01,emp,9303492.599
2002-09-01,uemp,631442.3230999999
2002-09-01,lf,9934934.922
2002-09-01,nilf,5594792.078000001
2002-09-01,pop_15yr_over,15529727
2002-10-01,emp,9249145.202
2002-10-01,uemp,566173.374
2002-10-01,lf,9815318.576
2002-10-01,nilf,5732893.424
2002-10-01,pop_15yr_over,15548212
2002-11-01,emp,9286740.904000001
2002-11-01,uemp,565921.0756
2002-11-01,lf,9852661.98
2002-11-01,nilf,5714037.02
2002-11-01,pop_15yr_over,15566699
2002-12-01,emp,9439739.589000002
2002-12-01,uemp,607375.6835
2002-12-01,lf,10047115.27
2002-12-01,nilf,5538068.727
2002-12-01,pop_15yr_over,15585184
2003-01-01,emp,9281678.566
2003-01-01,uemp,663046.1558
2003-01-01,lf,9944724.722000001
2003-01-01,nilf,5664250.278000001
2003-01-01,pop_15yr_over,15608975
2003-02-01,emp,9372599.387
2003-02-01,uemp,673188.7693
2003-02-01,lf,10045788.16
2003-02-01,nilf,5586978.842999999
2003-02-01,pop_15yr_over,15632767
2003-03-01,emp,9362063.319
2003-03-01,uemp,642900.8734
2003-03-01,lf,10004964.190000001
2003-03-01,nilf,5651593.807999999
2003-03-01,pop_15yr_over,15656558
2003-04-01,emp,9365573.718
2003-04-01,uemp,608867.6707
2003-04-01,lf,9974441.387999998
2003-04-01,nilf,5696399.612
2003-04-01,pop_15yr_over,15670841
2003-05-01,emp,9380077.847000001
2003-05-01,uemp,605881.6272999999
2003-05-01,lf,9985959.474
2003-05-01,nilf,5699161.526
2003-05-01,pop_15yr_over,15685121
2003-06-01,emp,9370443.195
2003-06-01,uemp,587553.4893
2003-06-01,lf,9957996.684
2003-06-01,nilf,5741407.316
2003-06-01,pop_15yr_over,15699404
2003-07-01,emp,9363921.283
2003-07-01,uemp,557621.8375
2003-07-01,lf,9921543.121000001
2003-07-01,nilf,5794585.879000001
2003-07-01,pop_15yr_over,15716129
2003-08-01,emp,9326951.052000001
2003-08-01,uemp,552363.1046000001
2003-08-01,lf,9879314.156
2003-08-01,nilf,5853538.844
2003-08-01,pop_15yr_over,15732853
2003-09-01,emp,9486054.655
2003-09-01,uemp,583839.0272
2003-09-01,lf,10069893.68
2003-09-01,nilf,5679684.318
2003-09-01,pop_15yr_over,15749578
2003-10-01,emp,9447761.581999999
2003-10-01,uemp,544310.0713
2003-10-01,lf,9992071.653
2003-10-01,nilf,5775379.347
2003-10-01,pop_15yr_over,15767451
2003-11-01,emp,9427739.637
2003-11-01,uemp,523404.1318
2003-11-01,lf,9951143.769
2003-11-01,nilf,5834176.231000001
2003-11-01,pop_15yr_over,15785320
2003-12-01,emp,9573575.382000001
2003-12-01,uemp,563449.0053
2003-12-01,lf,10137024.39
2003-12-01,nilf,5666168.613
2003-12-01,pop_15yr_over,15803193
2004-01-01,emp,9363827.660999998
2004-01-01,uemp,603777.5316
2004-01-01,lf,9967605.193
2004-01-01,nilf,5857225.807
2004-01-01,pop_15yr_over,15824831
2004-02-01,emp,9434453.805
2004-02-01,uemp,640791.0819999999
2004-02-01,lf,10075244.89
2004-02-01,nilf,5771223.113
2004-02-01,pop_15yr_over,15846468
2004-03-01,emp,9506389.698
2004-03-01,uemp,575855.5785999999
2004-03-01,lf,10082245.28
2004-03-01,nilf,5785860.724
2004-03-01,pop_15yr_over,15868106
2004-04-01,emp,9512044.937
2004-04-01,uemp,561834.5207
2004-04-01,lf,10073879.46
2004-04-01,nilf,5807259.541999999
2004-04-01,pop_15yr_over,15881139
2004-05-01,emp,9533473.324000001
2004-05-01,uemp,538088.1862
2004-05-01,lf,10071561.51
2004-05-01,nilf,5822611.49
2004-05-01,pop_15yr_over,15894173
2004-06-01,emp,9543324.82
2004-06-01,uemp,537292.8021
2004-06-01,lf,10080617.620000001
2004-06-01,nilf,5826588.3780000005
2004-06-01,pop_15yr_over,15907206
2004-07-01,emp,9553104.944
2004-07-01,uemp,512297.9103
2004-07-01,lf,10065402.85
2004-07-01,nilf,5860018.145
2004-07-01,pop_15yr_over,15925421
2004-08-01,emp,9462086.553
2004-08-01,uemp,529354.3759
2004-08-01,lf,9991440.929
2004-08-01,nilf,5952191.071
2004-08-01,pop_15yr_over,15943632
2004-09-01,emp,9668626.879999999
2004-09-01,uemp,551260.0005000001
2004-09-01,lf,10219886.88
2004-09-01,nilf,5741960.119
2004-09-01,pop_15yr_over,15961847
2004-10-01,emp,9662242.149
2004-10-01,uemp,490117.78709999996
2004-10-01,lf,10152359.94
2004-10-01,nilf,5828469.064
2004-10-01,pop_15yr_over,15980829
2004-11-01,emp,9652922.702
2004-11-01,uemp,485876.2342
2004-11-01,lf,10138798.940000001
2004-11-01,nilf,5861016.063
2004-11-01,pop_15yr_over,15999815
2004-12-01,emp,9807834.475
2004-12-01,uemp,514070.6967
2004-12-01,lf,10321905.17
2004-12-01,nilf,5696891.828
2004-12-01,pop_15yr_over,16018797
2005-01-01,emp,9634401.564
2005-01-01,uemp,568923.6013
2005-01-01,lf,10203325.16
2005-01-01,nilf,5840984.835
2005-01-01,pop_15yr_over,16044310
2005-02-01,emp,9744614.595999999
2005-02-01,uemp,592010.4568
2005-02-01,lf,10336625.05
2005-02-01,nilf,5733195.947000001
2005-02-01,pop_15yr_over,16069821
2005-03-01,emp,9828334.76
2005-03-01,uemp,565345.8876
2005-03-01,lf,10393680.65
2005-03-01,nilf,5701653.353
2005-03-01,pop_15yr_over,16095334
2005-04-01,emp,9856253.247000001
2005-04-01,uemp,539479.2673
2005-04-01,lf,10395732.51
2005-04-01,nilf,5714995.486
2005-04-01,pop_15yr_over,16110728
2005-05-01,emp,9850755.076
2005-05-01,uemp,530688.6026
2005-05-01,lf,10381443.68
2005-05-01,nilf,5744677.321
2005-05-01,pop_15yr_over,16126121
2005-06-01,emp,9896608.919
2005-06-01,uemp,502547.5118
2005-06-01,lf,10399156.43
2005-06-01,nilf,5742358.569
2005-06-01,pop_15yr_over,16141515
2005-07-01,emp,9912334.290000001
2005-07-01,uemp,473550.0571
2005-07-01,lf,10385884.35
2005-07-01,nilf,5776330.653
2005-07-01,pop_15yr_over,16162215
2005-08-01,emp,9870335.511
2005-08-01,uemp,486578.0658
2005-08-01,lf,10356913.58
2005-08-01,nilf,5826001.4229999995
2005-08-01,pop_15yr_over,16182915
2005-09-01,emp,10004568.92
2005-09-01,uemp,527707.0802
2005-09-01,lf,10532276
2005-09-01,nilf,5671339.001999999
2005-09-01,pop_15yr_over,16203615
2005-10-01,emp,9949709.731
2005-10-01,uemp,494026.3603
2005-10-01,lf,10443736.09
2005-10-01,nilf,5780952.909
2005-10-01,pop_15yr_over,16224689
2005-11-01,emp,9944998.167
2005-11-01,uemp,476382.32790000003
2005-11-01,lf,10421380.5
2005-11-01,nilf,5824383.505
2005-11-01,pop_15yr_over,16245764
2005-12-01,emp,10074687.44
2005-12-01,uemp,525846.9509
2005-12-01,lf,10600534.4
2005-12-01,nilf,5666303.605
2005-12-01,pop_15yr_over,16266838
2006-01-01,emp,9842669.757
2006-01-01,uemp,591515.3355
2006-01-01,lf,10434185.090000002
2006-01-01,nilf,5859927.908
2006-01-01,pop_15yr_over,16294113
2006-02-01,emp,9961137.391
2006-02-01,uemp,606729.8774
2006-02-01,lf,10567867.270000001
2006-02-01,nilf,5753525.731
2006-02-01,pop_15yr_over,16321393
2006-03-01,emp,10048659.18
2006-03-01,uemp,542772.9119000001
2006-03-01,lf,10591432.1
2006-03-01,nilf,5757235.904999999
2006-03-01,pop_15yr_over,16348668
2006-04-01,emp,10041006.11
2006-04-01,uemp,533001.8402
2006-04-01,lf,10574007.95
2006-04-01,nilf,5790579.054
2006-04-01,pop_15yr_over,16364587
2006-05-01,emp,10082055.870000001
2006-05-01,uemp,509866.5565
2006-05-01,lf,10591922.43
2006-05-01,nilf,5788583.569
2006-05-01,pop_15yr_over,16380506
2006-06-01,emp,10120756.17
2006-06-01,uemp,498203.9136
2006-06-01,lf,10618960.08
2006-06-01,nilf,5777464.921
2006-06-01,pop_15yr_over,16396425
2006-07-01,emp,10170776.52
2006-07-01,uemp,454627.3625
2006-07-01,lf,10625403.889999999
2006-07-01,nilf,5797431.113
2006-07-01,pop_15yr_over,16422835
2006-08-01,emp,10105773.23
2006-08-01,uemp,477456.1887
2006-08-01,lf,10583229.42
2006-08-01,nilf,5866019.5819999995
2006-08-01,pop_15yr_over,16449249
2006-09-01,emp,10299530.75
2006-09-01,uemp,504452.337
2006-09-01,lf,10803983.09
2006-09-01,nilf,5671675.911
2006-09-01,pop_15yr_over,16475659
2006-10-01,emp,10212402.29
2006-10-01,uemp,449612.6423
2006-10-01,lf,10662014.93
2006-10-01,nilf,5839444.072000001
2006-10-01,pop_15yr_over,16501458.999999998
2006-11-01,emp,10201645.049999999
2006-11-01,uemp,446660.7525
2006-11-01,lf,10648305.8
2006-11-01,nilf,5878954.200999999
2006-11-01,pop_15yr_over,16527259.999999998
2006-12-01,emp,10404321.87
2006-12-01,uemp,486950.6156
2006-12-01,lf,10891272.48
2006-12-01,nilf,5661787.517
2006-12-01,pop_15yr_over,16553060.000000002
2007-01-01,emp,10156138.639999999
2007-01-01,uemp,534529.0017
2007-01-01,lf,10690667.64
2007-01-01,nilf,5896086.356
2007-01-01,pop_15yr_over,16586754
2007-02-01,emp,10276983.34
2007-02-01,uemp,567165.7272999999
2007-02-01,lf,10844149.07
2007-02-01,nilf,5776301.933
2007-02-01,pop_15yr_over,16620451
2007-03-01,emp,10349199.17
2007-03-01,uemp,512000.1281
2007-03-01,lf,10861199.3
2007-03-01,nilf,5792945.699
2007-03-01,pop_15yr_over,16654145
2007-04-01,emp,10362880.520000001
2007-04-01,uemp,483360.53650000005
2007-04-01,lf,10846241.06
2007-04-01,nilf,5832502.941
2007-04-01,pop_15yr_over,16678743.999999998
2007-05-01,emp,10412007.34
2007-05-01,uemp,465273.0059
2007-05-01,lf,10877280.350000001
2007-05-01,nilf,5826067.651000001
2007-05-01,pop_15yr_over,16703348.000000002
2007-06-01,emp,10436292.56
2007-06-01,uemp,459011.3248
2007-06-01,lf,10895303.879999999
2007-06-01,nilf,5832643.118
2007-06-01,pop_15yr_over,16727947
2007-07-01,emp,10456832.459999999
2007-07-01,uemp,426056.98569999996
2007-07-01,lf,10882889.450000001
2007-07-01,nilf,5871791.5540000005
2007-07-01,pop_15yr_over,16754681
2007-08-01,emp,10406397.54
2007-08-01,uemp,446790.0621
2007-08-01,lf,10853187.6
2007-08-01,nilf,5928231.396
2007-08-01,pop_15yr_over,16781419
2007-09-01,emp,10588763.67
2007-09-01,uemp,465561.15369999997
2007-09-01,lf,11054324.82
2007-09-01,nilf,5753828.176
2007-09-01,pop_15yr_over,16808153
2007-10-01,emp,10520491.42
2007-10-01,uemp,449440.6812
2007-10-01,lf,10969932.1
2007-10-01,nilf,5865744.896
2007-10-01,pop_15yr_over,16835677
2007-11-01,emp,10535100.049999999
2007-11-01,uemp,451341.80529999995
2007-11-01,lf,10986441.85
2007-11-01,nilf,5876760.147
2007-11-01,pop_15yr_over,16863202
2007-12-01,emp,10710140.23
2007-12-01,uemp,470763.71540000004
2007-12-01,lf,11180903.94
2007-12-01,nilf,5709822.058
2007-12-01,pop_15yr_over,16890726
2008-01-01,emp,10524885.16
2008-01-01,uemp,503339.1936
2008-01-01,lf,11028224.35
2008-01-01,nilf,5901080.649
2008-01-01,pop_15yr_over,16929305
2008-02-01,emp,10622906.639999999
2008-02-01,uemp,500359.6899
2008-02-01,lf,11123266.33
2008-02-01,nilf,5844614.666
2008-02-01,pop_15yr_over,16967881
2008-03-01,emp,10677396.19
2008-03-01,uemp,479675.3457
2008-03-01,lf,11157071.540000001
2008-03-01,nilf,5849388.46
2008-03-01,pop_15yr_over,17006460
2008-04-01,emp,10706232.41
2008-04-01,uemp,484106.43850000005
2008-04-01,lf,11190338.85
2008-04-01,nilf,5845411.154999999
2008-04-01,pop_15yr_over,17035750
2008-05-01,emp,10690306.360000001
2008-05-01,uemp,478292.38830000005
2008-05-01,lf,11168598.74
2008-05-01,nilf,5896433.256
2008-05-01,pop_15yr_over,17065032
2008-06-01,emp,10744999.680000002
2008-06-01,uemp,462684.48819999996
2008-06-01,lf,11207684.16
2008-06-01,nilf,5886637.835000001
2008-06-01,pop_15yr_over,17094322
2008-07-01,emp,10761950.83
2008-07-01,uemp,439836.4802
2008-07-01,lf,11201787.31
2008-07-01,nilf,5925853.686000001
2008-07-01,pop_15yr_over,17127641
2008-08-01,emp,10710441.14
2008-08-01,uemp,429363.5785
2008-08-01,lf,11139804.72
2008-08-01,nilf,6021163.284
2008-08-01,pop_15yr_over,17160968
2008-09-01,emp,10854550.36
2008-09-01,uemp,484854.9269
2008-09-01,lf,11339405.280000001
2008-09-01,nilf,5854881.717999999
2008-09-01,pop_15yr_over,17194287
2008-10-01,emp,10807411.91
2008-10-01,uemp,458671.00190000003
2008-10-01,lf,11266082.909999998
2008-10-01,nilf,5959709.085
2008-10-01,pop_15yr_over,17225792
2008-11-01,emp,10757344.639999999
2008-11-01,uemp,465872.0176
2008-11-01,lf,11223216.65
2008-11-01,nilf,6034081.346
2008-11-01,pop_15yr_over,17257298
2008-12-01,emp,10915615.93
2008-12-01,uemp,506516.15959999996
2008-12-01,lf,11422132.09
2008-12-01,nilf,5866670.911
2008-12-01,pop_15yr_over,17288803
2009-01-01,emp,10681021.18
2009-01-01,uemp,600017.5636
2009-01-01,lf,11281038.75
2009-01-01,nilf,6044382.253
2009-01-01,pop_15yr_over,17325421
2009-02-01,emp,10776728.81
2009-02-01,uemp,683919.1205
2009-02-01,lf,11460647.93
2009-02-01,nilf,5901390.07
2009-02-01,pop_15yr_over,17362038
2009-03-01,emp,10775201.82
2009-03-01,uemp,692978.0099
2009-03-01,lf,11468179.829999998
2009-03-01,nilf,5930476.165
2009-03-01,pop_15yr_over,17398656
2009-04-01,emp,10792737.3
2009-04-01,uemp,637016.0525
2009-04-01,lf,11429753.350000001
2009-04-01,nilf,5994255.647
2009-04-01,pop_15yr_over,17424009
2009-05-01,emp,10786798.709999999
2009-05-01,uemp,667518.1922
2009-05-01,lf,11454316.91
2009-05-01,nilf,5995048.094
2009-05-01,pop_15yr_over,17449365
2009-06-01,emp,10770923.92
2009-06-01,uemp,654734.4765
2009-06-01,lf,11425658.4
2009-06-01,nilf,6049059.604
2009-06-01,pop_15yr_over,17474718
2009-07-01,emp,10808781.38
2009-07-01,uemp,601720.1055000001
2009-07-01,lf,11410501.49
2009-07-01,nilf,6092576.515
2009-07-01,pop_15yr_over,17503078
2009-08-01,emp,10707257.29
2009-08-01,uemp,623537.3613
2009-08-01,lf,11330794.65
2009-08-01,nilf,6200647.351
2009-08-01,pop_15yr_over,17531442
2009-09-01,emp,10882123.879999999
2009-09-01,uemp,647175.9748
2009-09-01,lf,11529299.85
2009-09-01,nilf,6030502.149
2009-09-01,pop_15yr_over,17559802
2009-10-01,emp,10845172.58
2009-10-01,uemp,613696.8988999999
2009-10-01,lf,11458869.479999999
2009-10-01,nilf,6123177.518999999
2009-10-01,pop_15yr_over,17582047
2009-11-01,emp,10829231.53
2009-11-01,uemp,593448.8303
2009-11-01,lf,11422680.36
2009-11-01,nilf,6181615.64
2009-11-01,pop_15yr_over,17604296
2009-12-01,emp,11010936.44
2009-12-01,uemp,619132.7999999999
2009-12-01,lf,11630069.24
2009-12-01,nilf,5996471.7639999995
2009-12-01,pop_15yr_over,17626541
2010-01-01,emp,10809930.25
2010-01-01,uemp,654089.7793
2010-01-01,lf,11464020.03
2010-01-01,nilf,6191659.9690000005
2010-01-01,pop_15yr_over,17655680
2010-02-01,emp,10889154.49
2010-02-01,uemp,690541.2705
2010-02-01,lf,11579695.76
2010-02-01,nilf,6105128.236
2010-02-01,pop_15yr_over,17684824
2010-03-01,emp,10928918.47
2010-03-01,uemp,666557.7885
2010-03-01,lf,11595476.26
2010-03-01,nilf,6118486.740999999
2010-03-01,pop_15yr_over,17713963
2010-04-01,emp,10940096.600000001
2010-04-01,uemp,642749.2554
2010-04-01,lf,11582845.86
2010-04-01,nilf,6150720.141
2010-04-01,pop_15yr_over,17733566
2010-05-01,emp,10957426.610000001
2010-05-01,uemp,604614.1035000001
2010-05-01,lf,11562040.709999999
2010-05-01,nilf,6191130.288000001
2010-05-01,pop_15yr_over,17753171
2010-06-01,emp,11009251.16
2010-06-01,uemp,580301.9453
2010-06-01,lf,11589553.110000001
2010-06-01,nilf,6183220.894
2010-06-01,pop_15yr_over,17772774
2010-07-01,emp,11030486.82
2010-07-01,uemp,572037.07
2010-07-01,lf,11602523.89
2010-07-01,nilf,6191315.115
2010-07-01,pop_15yr_over,17793839
2010-08-01,emp,10973822.93
2010-08-01,uemp,559282.2219
2010-08-01,lf,11533105.149999999
2010-08-01,nilf,6281795.845
2010-08-01,pop_15yr_over,17814901
2010-09-01,emp,11159359.959999999
2010-09-01,uemp,592065.9826
2010-09-01,lf,11751425.94
2010-09-01,nilf,6084540.057
2010-09-01,pop_15yr_over,17835966
2010-10-01,emp,11128970.87
2010-10-01,uemp,589809.4069
2010-10-01,lf,11718780.27
2010-10-01,nilf,6138189.728
2010-10-01,pop_15yr_over,17856970
2010-11-01,emp,11144545.24
2010-11-01,uemp,558233.4409
2010-11-01,lf,11702778.68
2010-11-01,nilf,6175194.319999999
2010-11-01,pop_15yr_over,17877973
2010-12-01,emp,11294957.18
2010-12-01,uemp,561536.6884999999
2010-12-01,lf,11856493.870000001
2010-12-01,nilf,6042483.127
2010-12-01,pop_15yr_over,17898977
2011-01-01,emp,11063652.63
2011-01-01,uemp,631061.7592999999
2011-01-01,lf,11694714.389999999
2011-01-01,nilf,6231571.6110000005
2011-01-01,pop_15yr_over,17926286
2011-02-01,emp,11146176.100000001
2011-02-01,uemp,662687.7726
2011-02-01,lf,11808863.87
2011-02-01,nilf,6144731.132
2011-02-01,pop_15yr_over,17953595
2011-03-01,emp,11217019.05
2011-03-01,uemp,619232.4081
2011-03-01,lf,11836251.459999999
2011-03-01,nilf,6144652.541
2011-03-01,pop_15yr_over,17980904
2011-04-01,emp,11186547.6
2011-04-01,uemp,588206.156
2011-04-01,lf,11774753.75
2011-04-01,nilf,6227817.245999999
2011-04-01,pop_15yr_over,18002571
2011-05-01,emp,11196181.07
2011-05-01,uemp,589836.1664999999
2011-05-01,lf,11786017.229999999
2011-05-01,nilf,6238222.767
2011-05-01,pop_15yr_over,18024240
2011-06-01,emp,11221254.430000002
2011-06-01,uemp,564216.1214000001
2011-06-01,lf,11785470.55
2011-06-01,nilf,6260436.453000001
2011-06-01,pop_15yr_over,18045907
2011-07-01,emp,11225716.4077
2011-07-01,uemp,562519.8415
2011-07-01,lf,11788236.2492
2011-07-01,nilf,6279381.7508000005
2011-07-01,pop_15yr_over,18067618
2011-08-01,emp,11127215.4885
2011-08-01,uemp,596761.3242
2011-08-01,lf,11723976.812700002
2011-08-01,nilf,6366223.1873
2011-08-01,pop_15yr_over,18090200
2011-09-01,emp,11315930.1478
2011-09-01,uemp,620140.9733000001
2011-09-01,lf,11936071.1211
2011-09-01,nilf,6176712.8788
2011-09-01,pop_15yr_over,18112784
2011-10-01,emp,11270927.560899999
2011-10-01,uemp,588553.5235
2011-10-01,lf,11859481.0844
2011-10-01,nilf,6280729.9156
2011-10-01,pop_15yr_over,18140211
2011-11-01,emp,11239418.4518
2011-11-01,uemp,578163.0754
2011-11-01,lf,11817581.527099999
2011-11-01,nilf,6350058.4729
2011-11-01,pop_15yr_over,18167640
2011-12-01,emp,11355755.1112
2011-12-01,uemp,602044.8335
2011-12-01,lf,11957799.9447
2011-12-01,nilf,6237267.0553
2011-12-01,pop_15yr_over,18195067
2012-01-01,emp,11160451.580599999
2012-01-01,uemp,642339.2291
2012-01-01,lf,11802790.8097
2012-01-01,nilf,6424627.1903
2012-01-01,pop_15yr_over,18227418
2012-02-01,emp,11237735.913099999
2012-02-01,uemp,699604.8415
2012-02-01,lf,11937340.7546
2012-02-01,nilf,6322425.245499999
2012-02-01,pop_15yr_over,18259766
2012-03-01,emp,11334533.5101
2012-03-01,uemp,659861.6174
2012-03-01,lf,11994395.1275
2012-03-01,nilf,6297721.8726
2012-03-01,pop_15yr_over,18292117
2012-04-01,emp,11331631.6897
2012-04-01,uemp,599286.2944
2012-04-01,lf,11930917.984100001
2012-04-01,nilf,6387020.0159
2012-04-01,pop_15yr_over,18317938
2012-05-01,emp,11393152.977899998
2012-05-01,uemp,620938.1901
2012-05-01,lf,12014091.1679
2012-05-01,nilf,6329669.8321
2012-05-01,pop_15yr_over,18343761
2012-06-01,emp,11356043.7073
2012-06-01,uemp,599270.207
2012-06-01,lf,11955313.9143
2012-06-01,nilf,6414266.0857
2012-06-01,pop_15yr_over,18369580
2012-07-01,emp,11368758.3672
2012-07-01,uemp,583375.407
2012-07-01,lf,11952133.7741
2012-07-01,nilf,6444492.225900001
2012-07-01,pop_15yr_over,18396626
2012-08-01,emp,11264116.8555
2012-08-01,uemp,590767.867
2012-08-01,lf,11854884.7225
2012-08-01,nilf,6568786.277500001
2012-08-01,pop_15yr_over,18423671
2012-09-01,emp,11457579.725
2012-09-01,uemp,661091.2471
2012-09-01,lf,12118670.972
2012-09-01,nilf,6332046.028
2012-09-01,pop_15yr_over,18450717
2012-10-01,emp,11405964.7716
2012-10-01,uemp,623619.0531
2012-10-01,lf,12029583.8247
2012-10-01,nilf,6446485.1753
2012-10-01,pop_15yr_over,18476069
2012-11-01,emp,11378333.589300001
2012-11-01,uemp,589172.4500000001
2012-11-01,lf,11967506.0393
2012-11-01,nilf,6533915.9607
2012-11-01,pop_15yr_over,18501422
2012-12-01,emp,11521325.966599999
2012-12-01,uemp,637828.4158
2012-12-01,lf,12159154.3824
2012-12-01,nilf,6367619.6176
2012-12-01,pop_15yr_over,18526774
2013-01-01,emp,11305931.2673
2013-01-01,uemp,696874.0676
2013-01-01,lf,12002805.334900001
2013-01-01,nilf,6554747.6651
2013-01-01,pop_15yr_over,18557553
2013-02-01,emp,11425311.8584
2013-02-01,uemp,740982.2388
2013-02-01,lf,12166294.097199999
2013-02-01,nilf,6422039.9028
2013-02-01,pop_15yr_over,18588334
2013-03-01,emp,11437337.0622
2013-03-01,uemp,726087.4219999999
2013-03-01,lf,12163424.4842
2013-03-01,nilf,6455688.515799999
2013-03-01,pop_15yr_over,18619113
2013-04-01,emp,11481067.937399998
2013-04-01,uemp,682906.2991
2013-04-01,lf,12163974.2365
2013-04-01,nilf,6479406.7635
2013-04-01,pop_15yr_over,18643381
2013-05-01,emp,11491664.7664
2013-05-01,uemp,676906.1812999999
2013-05-01,lf,12168570.9477
2013-05-01,nilf,6499080.0523
2013-05-01,pop_15yr_over,18667651
2013-06-01,emp,11492485.447700001
2013-06-01,uemp,673400.5686
2013-06-01,lf,12165886.0162
2013-06-01,nilf,6526032.9838
2013-06-01,pop_15yr_over,18691919
2013-07-01,emp,11479972.3996
2013-07-01,uemp,647175.8145999999
2013-07-01,lf,12127148.214200001
2013-07-01,nilf,6590103.7858
2013-07-01,pop_15yr_over,18717252
2013-08-01,emp,11361409.7873
2013-08-01,uemp,680978.9535
2013-08-01,lf,12042388.740799999
2013-08-01,nilf,6700194.259199999
2013-08-01,pop_15yr_over,18742583
2013-09-01,emp,11539277.6889
2013-09-01,uemp,693354.4513000001
2013-09-01,lf,12232632.1402
2013-09-01,nilf,6535283.8597
2013-09-01,pop_15yr_over,18767916
2013-10-01,emp,11482559.747
2013-10-01,uemp,680432.5743000001
2013-10-01,lf,12162992.3213
2013-10-01,nilf,6623958.6786
2013-10-01,pop_15yr_over,18786951
2013-11-01,emp,11445900.0442
2013-11-01,uemp,657581.0212
2013-11-01,lf,12103481.0653
2013-11-01,nilf,6702506.9347
2013-11-01,pop_15yr_over,18805988
2013-12-01,emp,11537592.2029
2013-12-01,uemp,694620.1289
2013-12-01,lf,12232212.331799999
2013-12-01,nilf,6592810.6683
2013-12-01,pop_15yr_over,18825023
2014-01-01,emp,11323767.233099999
2014-01-01,uemp,772082.9283
2014-01-01,lf,12095850.161500001
2014-01-01,nilf,6761031.8385
2014-01-01,pop_15yr_over,18856882
2014-02-01,emp,11464564.4341
2014-02-01,uemp,837165.5998999999
2014-02-01,lf,12301730.034
2014-02-01,nilf,6587007.9659
2014-02-01,pop_15yr_over,18888738
2014-03-01,emp,11535707.550700001
2014-03-01,uemp,766811.0356
2014-03-01,lf,12302518.5862
2014-03-01,nilf,6618077.413699999
2014-03-01,pop_15yr_over,18920596
2014-04-01,emp,11555060.2161
2014-04-01,uemp,714227.0759
2014-04-01,lf,12269287.292000001
2014-04-01,nilf,6669774.708
2014-04-01,pop_15yr_over,18939062
2014-05-01,emp,11553348.7631
2014-05-01,uemp,717935.8301
2014-05-01,lf,12271284.5932
2014-05-01,nilf,6686242.4068
2014-05-01,pop_15yr_over,18957527
2014-06-01,emp,11553223.4435
2014-06-01,uemp,721813.8837
2014-06-01,lf,12275037.3272
2014-06-01,nilf,6700955.6728
2014-06-01,pop_15yr_over,18975993
2014-07-01,emp,11542159.513700001
2014-07-01,uemp,741710.6201000001
2014-07-01,lf,12283870.1338
2014-07-01,nilf,6715550.8662
2014-07-01,pop_15yr_over,18999421
2014-08-01,emp,11572763.5314
2014-08-01,uemp,733830.6401
2014-08-01,lf,12306594.171500001
2014-08-01,nilf,6716251.8285
2014-08-01,pop_15yr_over,19022846
2014-09-01,emp,11533778.449900001
2014-09-01,uemp,746417.5676999999
2014-09-01,lf,12280196.0177
2014-09-01,nilf,6766077.9823
2014-09-01,pop_15yr_over,19046274
2014-10-01,emp,11550147.3412
2014-10-01,uemp,751959.3601
2014-10-01,lf,12302106.701200001
2014-10-01,nilf,6765240.2988
2014-10-01,pop_15yr_over,19067347
2014-11-01,emp,11581725.704
2014-11-01,uemp,723762.6939000001
2014-11-01,lf,12305488.3979
2014-11-01,nilf,6782934.6021
2014-11-01,pop_15yr_over,19088423
2014-12-01,emp,11715693.9143
2014-12-01,uemp,731952.4648000001
2014-12-01,lf,12447646.3791
2014-12-01,nilf,6661849.6209
2014-12-01,pop_15yr_over,19109496
2015-01-01,emp,11467381.0824
2015-01-01,uemp,837640.0707
2015-01-01,lf,12305021.1531
2015-01-01,nilf,6834017.8469
2015-01-01,pop_15yr_over,19139039
2015-02-01,emp,11724132.317
2015-02-01,uemp,837487.3114
2015-02-01,lf,12561619.6284
2015-02-01,nilf,6606958.3716
2015-02-01,pop_15yr_over,19168578
2015-03-01,emp,11698200.691100001
2015-03-01,uemp,808788.7232
2015-03-01,lf,12506989.414199999
2015-03-01,nilf,6691131.5858
2015-03-01,pop_15yr_over,19198121
2015-04-01,emp,11711507.4593
2015-04-01,uemp,764677.7651999999
2015-04-01,lf,12476185.224499999
2015-04-01,nilf,6741261.7755
2015-04-01,pop_15yr_over,19217447
2015-05-01,emp,11781440.931200001
2015-05-01,uemp,730191.0352
2015-05-01,lf,12511631.9664
2015-05-01,nilf,6725140.0336
2015-05-01,pop_15yr_over,19236772
2015-06-01,emp,11752901.484
2015-06-01,uemp,729704.4028
2015-06-01,lf,12482605.886699999
2015-06-01,nilf,6773491.113299999
2015-06-01,pop_15yr_over,19256097
2015-07-01,emp,11759912.0647
2015-07-01,uemp,770960.1549
2015-07-01,lf,12530872.2196
2015-07-01,nilf,6748709.7804000005
2015-07-01,pop_15yr_over,19279582
2015-08-01,emp,11702631.2549
2015-08-01,uemp,760322.8751000001
2015-08-01,lf,12462954.13
2015-08-01,nilf,6840106.869999999
2015-08-01,pop_15yr_over,19303061
2015-09-01,emp,11771038.6774
2015-09-01,uemp,753557.1166
2015-09-01,lf,12524595.794000002
2015-09-01,nilf,6801949.206
2015-09-01,pop_15yr_over,19326545
2015-10-01,emp,11865775.9157
2015-10-01,uemp,713745.3765
2015-10-01,lf,12579521.2923
2015-10-01,nilf,6768691.7077
2015-10-01,pop_15yr_over,19348213
2015-11-01,emp,11935266.32
2015-11-01,uemp,689076.1048000001
2015-11-01,lf,12624342.4248
2015-11-01,nilf,6745538.5752
2015-11-01,pop_15yr_over,19369881
2015-12-01,emp,12025029.1789
2015-12-01,uemp,702985.6324
2015-12-01,lf,12728014.8113
2015-12-01,nilf,6663534.188700001
2015-12-01,pop_15yr_over,19391549
2016-01-01,emp,11759615.7464
2016-01-01,uemp,816081.7505
2016-01-01,lf,12575697.4969
2016-01-01,nilf,6848497.5031
2016-01-01,pop_15yr_over,19424195
2016-02-01,emp,11975894.0345
2016-02-01,uemp,787835.9465
2016-02-01,lf,12763729.981
2016-02-01,nilf,6693105.018999999
2016-02-01,pop_15yr_over,19456835
2016-03-01,emp,11945499.3755
2016-03-01,uemp,762266.7934
2016-03-01,lf,12707766.1689
2016-03-01,nilf,6781714.8311
2016-03-01,pop_15yr_over,19489481
2016-04-01,emp,11968511.595800001
2016-04-01,uemp,719364.9394
2016-04-01,lf,12687876.5352
2016-04-01,nilf,6823720.464799999
2016-04-01,pop_15yr_over,19511597
2016-05-01,emp,11999949.419599999
2016-05-01,uemp,715139.7025
2016-05-01,lf,12715089.1221
2016-05-01,nilf,6818623.8779
2016-05-01,pop_15yr_over,19533713
2016-06-01,emp,11991257.2457
2016-06-01,uemp,703539.9532
2016-06-01,lf,12694797.1989
2016-06-01,nilf,6861031.8011
2016-06-01,pop_15yr_over,19555829
2016-07-01,emp,11995329.872399999
2016-07-01,uemp,708843.6854000001
2016-07-01,lf,12704173.5578
2016-07-01,nilf,6881316.4422
2016-07-01,pop_15yr_over,19585490
2016-08-01,emp,11895610.0409
2016-08-01,uemp,708116.5746
2016-08-01,lf,12603726.615400001
2016-08-01,nilf,7011036.3791
2016-08-01,pop_15yr_over,19614762.9945
2016-09-01,emp,11932423.0721
2016-09-01,uemp,696218.0571
2016-09-01,lf,12628641.129199998
2016-09-01,nilf,7015396.8629
2016-09-01,pop_15yr_over,19644037.9921
2016-10-01,emp,11964188.3641
2016-10-01,uemp,677952.2204
2016-10-01,lf,12642140.584500002
2016-10-01,nilf,7026228.4031
2016-10-01,pop_15yr_over,19668368.9876
2016-11-01,emp,12032799.880299998
2016-11-01,uemp,683946.4567999999
2016-11-01,lf,12716746.3371
2016-11-01,nilf,6975958.6803
2016-11-01,pop_15yr_over,19692705.0174
2016-12-01,emp,12128270.874300001
2016-12-01,uemp,722421.8032
2016-12-01,lf,12850692.677499998
2016-12-01,nilf,6866343.3346
2016-12-01,pop_15yr_over,19717036.0121
2017-01-01,emp,11864304.5798
2017-01-01,uemp,773151.6168000001
2017-01-01,lf,12637456.1966
2017-01-01,nilf,7116004.8118
2017-01-01,pop_15yr_over,19753461.0084
2017-02-01,emp,12062092.326
2017-02-01,uemp,824129.5921
2017-02-01,lf,12886221.9181
2017-02-01,nilf,6903657.0859
2017-02-01,pop_15yr_over,19789879.003999997
2017-03-01,emp,12079571.643
2017-03-01,uemp,799577.9156999999
2017-03-01,lf,12879149.5588
2017-03-01,nilf,6947154.439900001
2017-03-01,pop_15yr_over,19826303.9987
2017-04-01,emp,12151186.344600001
2017-04-01,uemp,727339.8233
2017-04-01,lf,12878526.1678
2017-04-01,nilf,6970582.831099999
2017-04-01,pop_15yr_over,19849108.9989
2017-05-01,emp,12230120.395399999
2017-05-01,uemp,703771.9652
2017-05-01,lf,12933892.3606
2017-05-01,nilf,6938024.6385
2017-05-01,pop_15yr_over,19871916.999199998
2017-06-01,emp,12227724.6326
2017-06-01,uemp,707464.5543000001
2017-06-01,lf,12935189.1869
2017-06-01,nilf,6959531.8125
2017-06-01,pop_15yr_over,19894720.9994
2017-07-01,emp,12234105.655900002
2017-07-01,uemp,712406.2063
2017-07-01,lf,12946511.8623
2017-07-01,nilf,6975814.1376
2017-07-01,pop_15yr_over,19922325.9998
2017-08-01,emp,12221562.9377
2017-08-01,uemp,714863.7457999999
2017-08-01,lf,12936426.6835
2017-08-01,nilf,7013502.3155
2017-08-01,pop_15yr_over,19949928.998999998
2017-09-01,emp,12308576.3506
2017-09-01,uemp,691331.6601
2017-09-01,lf,12999908.0106
2017-09-01,nilf,6977625.9879
2017-09-01,pop_15yr_over,19977533.9985
2017-10-01,emp,12321874.807
2017-10-01,uemp,671760.6368000001
2017-10-01,lf,12993635.4439
2017-10-01,nilf,7003860.5552
2017-10-01,pop_15yr_over,19997495.9991
2017-11-01,emp,12418737.536
2017-11-01,uemp,664553.9434999999
2017-11-01,lf,13083291.479600001
2017-11-01,nilf,6934166.5191
2017-11-01,pop_15yr_over,20017457.9986
2017-12-01,emp,12511910.1691
2017-12-01,uemp,714214.6263
2017-12-01,lf,13226124.7954
2017-12-01,nilf,6811295.204
2017-12-01,pop_15yr_over,20037419.9993
2018-01-01,emp,12247377.8342
2018-01-01,uemp,776862.4785
2018-01-01,lf,13024240.3127
2018-01-01,nilf,7049225.6864
2018-01-01,pop_15yr_over,20073465.9991
2018-02-01,emp,12471071.8182
2018-02-01,uemp,804501.7742
2018-02-01,lf,13275573.5923
2018-02-01,nilf,6833935.4068
2018-02-01,pop_15yr_over,20109508.999199998
2018-03-01,emp,12446042.0461
2018-03-01,uemp,777955.5726999999
2018-03-01,lf,13223997.6188
2018-03-01,nilf,6921557.3805
2018-03-01,pop_15yr_over,20145554.9993
2018-04-01,emp,12475530.2487
2018-04-01,uemp,738812.7871000001
2018-04-01,lf,13214343.0358
2018-04-01,nilf,6954657.9634
2018-04-01,pop_15yr_over,20169000.9992
2018-05-01,emp,12526129.2688
2018-05-01,uemp,705494.9097
2018-05-01,lf,13231624.1785
2018-05-01,nilf,6960820.8205
2018-05-01,pop_15yr_over,20192444.998999998
2018-06-01,emp,12558311.3878
2018-06-01,uemp,687488.4597
2018-06-01,lf,13245799.8475
2018-06-01,nilf,6970091.1515999995
2018-06-01,pop_15yr_over,20215890.9991
2018-07-01,emp,12524498.1708
2018-07-01,uemp,688151.9604
2018-07-01,lf,13212650.1312
2018-07-01,nilf,7033717.8683
2018-07-01,pop_15yr_over,20246367.9995
2018-08-01,emp,12524481.8997
2018-08-01,uemp,693221.6687
2018-08-01,lf,13217703.5684
2018-08-01,nilf,7059140.4309
2018-08-01,pop_15yr_over,20276843.9993
2018-09-01,emp,12583360.9451
2018-09-01,uemp,644801.4581
2018-09-01,lf,13228162.4032
2018-09-01,nilf,7079158.5959
2018-09-01,pop_15yr_over,20307320.9991
2018-10-01,emp,12617665.854999999
2018-10-01,uemp,634718.5867
2018-10-01,lf,13252384.4417
2018-10-01,nilf,7077969.557399999
2018-10-01,pop_15yr_over,20330353.9991
2018-11-01,emp,12697978.6331
2018-11-01,uemp,634283.292
2018-11-01,lf,13332261.925099999
2018-11-01,nilf,7021124.0747
2018-11-01,pop_15yr_over,20353385.9998
2018-12-01,emp,12784290.814199999
2018-12-01,uemp,646087.1325000001
2018-12-01,lf,13430377.946700001
2018-12-01,nilf,6946041.051899999
2018-12-01,pop_15yr_over,20376418.9986
2019-01-01,emp,12559646.358199999
2019-01-01,uemp,723699.2071
2019-01-01,lf,13283345.5653
2019-01-01,nilf,7128223.4341
2019-01-01,pop_15yr_over,20411568.999399997
2019-02-01,emp,12778104.8924
2019-02-01,uemp,730099.368
2019-02-01,lf,13508204.2604
2019-02-01,nilf,6938513.7385
2019-02-01,pop_15yr_over,20446717.9988
2019-03-01,emp,12754072.0614
2019-03-01,uemp,730157.8216
2019-03-01,lf,13484229.883100001
2019-03-01,nilf,6997638.1161
2019-03-01,pop_15yr_over,20481867.9992
2019-04-01,emp,12795206.8253
2019-04-01,uemp,712275.1465
2019-04-01,lf,13507481.9718
2019-04-01,nilf,6994355.0272
2019-04-01,pop_15yr_over,20501836.998999998
2019-05-01,emp,12872419.9525
2019-05-01,uemp,690892.408
2019-05-01,lf,13563312.3605
2019-05-01,nilf,6958497.6386
2019-05-01,pop_15yr_over,20521809.999100003
2019-06-01,emp,12845566.3567
2019-06-01,uemp,689542.7823999999
2019-06-01,lf,13535109.1391
2019-06-01,nilf,7006669.8599000005
2019-06-01,pop_15yr_over,20541778.998999998
2019-07-01,emp,12839028.475
2019-07-01,uemp,702039.8354999999
2019-07-01,lf,13541068.310500002
2019-07-01,nilf,7031508.6881
2019-07-01,pop_15yr_over,20572576.9985
2019-08-01,emp,12823403.2412
2019-08-01,uemp,712883.217
2019-08-01,lf,13536286.4582
2019-08-01,nilf,7067085.5402
2019-08-01,pop_15yr_over,20603371.998400003
2019-09-01,emp,12881176.5738
2019-09-01,uemp,690288.6590000001
2019-09-01,lf,13571465.2328
2019-09-01,nilf,7062704.7664
2019-09-01,pop_15yr_over,20634169.999199998
2019-10-01,emp,12844568.3233
2019-10-01,uemp,686343.9166000001
2019-10-01,lf,13530912.2399
2019-10-01,nilf,7128311.7592
2019-10-01,pop_15yr_over,20659223.9991
2019-11-01,emp,12933357.143900001
2019-11-01,uemp,654122.1988
2019-11-01,lf,13587479.3427
2019-11-01,nilf,7096800.6566
2019-11-01,pop_15yr_over,20684279.9993
2019-12-01,emp,13038294.037400002
2019-12-01,uemp,661143.6338
2019-12-01,lf,13699437.6713
2019-12-01,nilf,7009896.3276
2019-12-01,pop_15yr_over,20709333.998800002
2020-01-01,emp,12762102.685
2020-01-01,uemp,768872.7504
2020-01-01,lf,13530975.4354
2020-01-01,nilf,7210904.5638999995
2020-01-01,pop_15yr_over,20741879.9993
2020-02-01,emp,12982409.379500002
2020-02-01,uemp,760460.4413
2020-02-01,lf,13742869.8208
2020-02-01,nilf,7031555.1783
2020-02-01,pop_15yr_over,20774424.9991
2020-03-01,emp,12934835.7905
2020-03-01,uemp,756944.7892
2020-03-01,lf,13691780.5797
2020-03-01,nilf,7115190.4189
2020-03-01,pop_15yr_over,20806970.9985
2020-04-01,emp,12347339.5008
2020-04-01,uemp,841841.3870000001
2020-04-01,lf,13189180.887799999
2020-04-01,nilf,7625136.1112
2020-04-01,pop_15yr_over,20814316.9989
2020-05-01,emp,12126678.684
2020-05-01,uemp,893986.8176
2020-05-01,lf,13020665.501699999
2020-05-01,nilf,7800996.4975000005
2020-05-01,pop_15yr_over,20821661.9991
2020-06-01,emp,12321328.2113
2020-06-01,uemp,957494.6198999999
2020-06-01,lf,13278822.8312
2020-06-01,nilf,7550185.1679
2020-06-01,pop_15yr_over,20829007.999
2020-07-01,emp,12413175.7957
2020-07-01,uemp,982262.8853999999
2020-07-01,lf,13395438.6811
2020-07-01,nilf,7430469.3183
2020-07-01,pop_15yr_over,20825907.999399997
2020-08-01,emp,12499680.1063
2020-08-01,uemp,914650.6642
2020-08-01,lf,13414330.7706
2020-08-01,nilf,7408472.2285
2020-08-01,pop_15yr_over,20822802.998999998
2020-09-01,emp,12497680.5057
2020-09-01,uemp,900834.959
2020-09-01,lf,13398515.4647
2020-09-01,nilf,7421187.5337000005
2020-09-01,pop_15yr_over,20819702.9985
2020-10-01,emp,12651074.4428
2020-10-01,uemp,902540.5101
2020-10-01,lf,13553614.9529
2020-10-01,nilf,7267650.0459
2020-10-01,pop_15yr_over,20821264.998800002
2020-11-01,emp,12802891.7322
2020-11-01,uemp,865689.3288
2020-11-01,lf,13668581.061
2020-11-01,nilf,7154246.9377
2020-11-01,pop_15yr_over,20822827.9987
2020-12-01,emp,12908766.8774
2020-12-01,uemp,859813.7028999999
2020-12-01,lf,13768580.5803
2020-12-01,nilf,7055809.419
2020-12-01,pop_15yr_over,20824389.999300003
2021-01-01,emp,12647566.871299999
2021-01-01,uemp,923509.1528
2021-01-01,lf,13571076.0241
2021-01-01,nilf,7259621.9749
2021-01-01,pop_15yr_over,20830697.999
2021-02-01,emp,12949553.6054
2021-02-01,uemp,870806.8673
2021-02-01,lf,13820360.4727
2021-02-01,nilf,7016643.5257
2021-02-01,pop_15yr_over,20837003.9984
2021-03-01,emp,12970550.250300001
2021-03-01,uemp,828466.2451000001
2021-03-01,lf,13799016.495399999
2021-03-01,nilf,7044295.5033
2021-03-01,pop_15yr_over,20843311.9987
2021-04-01,emp,12947465.638
2021-04-01,uemp,762195.9336
2021-04-01,lf,13709661.5716
2021-04-01,nilf,7143516.427800001
2021-04-01,pop_15yr_over,20853177.999399997
2021-05-01,emp,13123762.3817
2021-05-01,uemp,692725.1367
2021-05-01,lf,13816487.518399999
2021-05-01,nilf,7046561.4806
2021-05-01,pop_15yr_over,20863048.998999998
2021-06-01,emp,13103821.5936
2021-06-01,uemp,670314.5486
2021-06-01,lf,13774136.1422
2021-06-01,nilf,7098778.8569
2021-06-01,pop_15yr_over,20872914.9991
2021-07-01,emp,13079243.999
2021-07-01,uemp,638317.1628
2021-07-01,lf,13717561.1618
2021-07-01,nilf,7161735.837
2021-07-01,pop_15yr_over,20879296.998800002
2021-08-01,emp,12895220.8531
2021-08-01,uemp,620718.5609
2021-08-01,lf,13515939.414099999
2021-08-01,nilf,7369740.5966
2021-08-01,pop_15yr_over,20885680.0106
2021-09-01,emp,12797529.0986
2021-09-01,uemp,612079.3737
2021-09-01,lf,13409608.4723
2021-09-01,nilf,7482453.5242
2021-09-01,pop_15yr_over,20892061.9965
2021-10-01,emp,12765619.935
2021-10-01,uemp,676802.6641
2021-10-01,lf,13442422.599
2021-10-01,nilf,7471030.4066
2021-10-01,pop_15yr_over,20913453.0057
2021-11-01,emp,13204182.1476
2021-11-01,uemp,591450.9796
2021-11-01,lf,13795633.1272
2021-11-01,nilf,7139212.8905
2021-11-01,pop_15yr_over,20934846.0177
2021-12-01,emp,13351003.3605
2021-12-01,uemp,556419.3537
2021-12-01,lf,13907422.7142
2021-12-01,nilf,7048814.2818
2021-12-01,pop_15yr_over,20956236.996
2022-01-01,emp,13078703.2617
2022-01-01,uemp,621675.0778000001
2022-01-01,lf,13700378.3394
2022-01-01,nilf,7299803.6428
2022-01-01,pop_15yr_over,21000181.9822
2022-02-01,emp,13438457.350200001
2022-02-01,uemp,612333.9674
2022-02-01,lf,14050791.317499999
2022-02-01,nilf,6993335.674199999
2022-02-01,pop_15yr_over,21044126.991699997
2022-03-01,emp,13409921.4753
2022-03-01,uemp,589746.6852
2022-03-01,lf,13999668.1605
2022-03-01,nilf,7088403.8436
2022-03-01,pop_15yr_over,21088072.0042
2022-04-01,emp,13441602.4915
2022-04-01,uemp,549253.7121
2022-04-01,lf,13990856.2036
2022-04-01,nilf,7130567.8007
2022-04-01,pop_15yr_over,21121424.0043
2022-05-01,emp,13569078.7666
2022-05-01,uemp,545602.4678
2022-05-01,lf,14114681.2343
2022-05-01,nilf,7040092.7702
2022-05-01,pop_15yr_over,21154774.0046
2022-06-01,emp,13621711.318699999
2022-06-01,uemp,493385.99820000003
2022-06-01,lf,14115097.3168
2022-06-01,nilf,7073028.6877
2022-06-01,pop_15yr_over,21188126.0045
2022-07-01,emp,13583605.4181
2022-07-01,uemp,476494.3397
2022-07-01,lf,14060099.7579
2022-07-01,nilf,7175990.246499999
2022-07-01,pop_15yr_over,21236090.0043
2022-08-01,emp,13594720.7576
2022-08-01,uemp,498604.3863
2022-08-01,lf,14093325.1439
2022-08-01,nilf,7190729.8604999995
2022-08-01,pop_15yr_over,21284055.0044
2022-09-01,emp,13635448.249
2022-09-01,uemp,491941.4901
2022-09-01,lf,14127389.7391
2022-09-01,nilf,7204629.2653
2022-09-01,pop_15yr_over,21332019.0044
2022-10-01,emp,13694896.4478
2022-10-01,uemp,467705.9795
2022-10-01,lf,14162602.4273
2022-10-01,nilf,7218635.5769
2022-10-01,pop_15yr_over,21381238.0042
2022-11-01,emp,13838469.4431
2022-11-01,uemp,465235.90280000004
2022-11-01,lf,14303705.3459
2022-11-01,nilf,7126750.6583
2022-11-01,pop_15yr_over,21430456.0042
2022-12-01,emp,13901726.647699999
2022-12-01,uemp,480262.384
2022-12-01,lf,14381989.0316
2022-12-01,nilf,7097685.9728
2022-12-01,pop_15yr_over,21479675.0044
2023-01-01,emp,13572712.664
2023-01-01,uemp,565564.5589
2023-01-01,lf,14138277.2229
2023-01-01,nilf,7404660.7814
2023-01-01,pop_15yr_over,21542938.0044
2023-02-01,emp,13915808.862300001
2023-02-01,uemp,565308.4758
2023-02-01,lf,14481117.338
2023-02-01,nilf,7125083.6662
2023-02-01,pop_15yr_over,21606201.0042
2023-03-01,emp,13954070.4654
2023-03-01,uemp,551193.1466
2023-03-01,lf,14505263.6121
2023-03-01,nilf,7164200.3919
2023-03-01,pop_15yr_over,21669464.004
2023-04-01,emp,13916038.3687
2023-04-01,uemp,546367.7871999999
2023-04-01,lf,14462406.1559
2023-04-01,nilf,7254568.8484000005
2023-04-01,pop_15yr_over,21716975.0043
2023-05-01,emp,14096553.1221
2023-05-01,uemp,515197.6631
2023-05-01,lf,14611750.7852
2023-05-01,nilf,7152741.219
2023-05-01,pop_15yr_over,21764492.0042
2023-06-01,emp,14065211.536500001
2023-06-01,uemp,495669.7508
2023-06-01,lf,14560881.2873
2023-06-01,nilf,7251121.7171
2023-06-01,pop_15yr_over,21812003.0044
2023-07-01,emp,14020161.3236
2023-07-01,uemp,530115.3862
2023-07-01,lf,14550276.709800001
2023-07-01,nilf,7318201.2945
2023-07-01,pop_15yr_over,21868478.0043
2023-08-01,emp,14022075.346199999
2023-08-01,uemp,538479.7539
2023-08-01,lf,14560555.1001
2023-08-01,nilf,7364401.904399999
2023-08-01,pop_15yr_over,21924957.0045
2023-09-01,emp,14058173.5642
2023-09-01,uemp,502648.85500000004
2023-09-01,lf,14560822.4192
2023-09-01,nilf,7420609.5858
2023-09-01,pop_15yr_over,21981432.005
2023-10-01,emp,14138098.0461
2023-10-01,uemp,532834.7955
2023-10-01,lf,14670932.8416
2023-10-01,nilf,7353915.1629
2023-10-01,pop_15yr_over,22024848.004499998
2023-11-01,emp,14268467.834900001
2023-11-01,uemp,538046.5961999999
2023-11-01,lf,14806514.431
2023-11-01,nilf,7261751.5738
2023-11-01,pop_15yr_over,22068266.0048
2023-12-01,emp,14280850.0734
2023-12-01,uemp,561133.5129
2023-12-01,lf,14841983.5862
2023-12-01,nilf,7269698.418199999
2023-12-01,pop_15yr_over,22111682.004499998
2024-01-01,emp,13908497.358099999
2024-01-01,uemp,654290.7169
2024-01-01,lf,14562788.075000001
2024-01-01,nilf,7600610.9293
2024-01-01,pop_15yr_over,22163399.0042
2024-02-01,emp,14339351.446
2024-02-01,uemp,604838.3687
2024-02-01,lf,14944189.8147
2024-02-01,nilf,7270918.1897
2024-02-01,pop_15yr_over,22215108.0044
2024-03-01,emp,14272508.298
2024-03-01,uemp,614528.7052
2024-03-01,lf,14887037.003199998
2024-03-01,nilf,7379788.0018
2024-03-01,pop_15yr_over,22266825.005
2024-04-01,emp,14276256.3299
2024-04-01,uemp,620719.3587000001
2024-04-01,lf,14896975.6886
2024-04-01,nilf,7410419.3155000005
2024-04-01,pop_15yr_over,22307395.0042
2024-05-01,emp,14414048.1121
2024-05-01,uemp,591007.5495
2024-05-01,lf,15005055.6616
2024-05-01,nilf,7342909.3427
2024-05-01,pop_15yr_over,22347965.0043
2024-06-01,emp,14405227.1889
2024-06-01,uemp,586352.4619
2024-06-01,lf,14991579.6508
2024-06-01,nilf,7396955.354499999
2024-06-01,pop_15yr_over,22388535.0053
2024-07-01,emp,14421858.638600001
2024-07-01,uemp,620874.7666000001
2024-07-01,lf,15042733.4052
2024-07-01,nilf,7395191.5994
2024-07-01,pop_15yr_over,22437925.004600003
2024-08-01,emp,14396836.8894
2024-08-01,uemp,623245.1936
2024-08-01,lf,15020082.082999999
2024-08-01,nilf,7467232.9216
2024-08-01,pop_15yr_over,22487315.0046
